FLT_DATE,FLT_ARR_1
2016-01-01,12565
2016-01-02,15971
2016-01-03,17988
2016-01-04,18044
2016-01-05,16654
2016-01-06,16815
2016-01-07,17159
2016-01-08,18055
2016-01-09,14285
2016-01-10,16453
2016-01-11,17986
2016-01-12,16626
2016-01-13,17231
2016-01-14,17793
2016-01-15,18616
2016-01-16,13885
2016-01-17,16120
2016-01-18,17872
2016-01-19,16715
2016-01-20,17574
2016-01-21,17973
2016-01-22,19126
2016-01-23,13808
2016-01-24,16136
2016-01-25,18225
2016-01-26,16029
2016-01-27,17650
2016-01-28,18416
2016-01-29,19188
2016-01-30,14096
2016-01-31,16388
2016-02-01,18436
2016-02-02,17352
2016-02-03,17757
2016-02-04,18494
2016-02-05,19730
2016-02-06,14711
2016-02-07,16619
2016-02-08,18409
2016-02-09,17185
2016-02-10,18145
2016-02-11,18765
2016-02-12,19894
2016-02-13,15286
2016-02-14,17110
2016-02-15,19021
2016-02-16,17841
2016-02-17,18511
2016-02-18,18892
2016-02-19,20077
2016-02-20,15509
2016-02-21,17688
2016-02-22,19253
2016-02-23,18054
2016-02-24,18570
2016-02-25,19377
2016-02-26,20217
2016-02-27,15358
2016-02-28,17404
2016-02-29,19213
2016-03-01,18301
2016-03-02,18904
2016-03-03,19339
2016-03-04,20175
2016-03-05,15385
2016-03-06,17586
2016-03-07,19557
2016-03-08,18546
2016-03-09,19119
2016-03-10,19919
2016-03-11,20667
2016-03-12,15504
2016-03-13,17656
2016-03-14,19895
2016-03-15,18857
2016-03-16,19456
2016-03-17,20507
2016-03-18,21408
2016-03-19,16570
2016-03-20,17201
2016-03-21,18889
2016-03-22,18465
2016-03-23,19292
2016-03-24,20112
2016-03-25,18802
2016-03-26,15768
2016-03-27,17580
2016-03-28,19290
2016-03-29,20385
2016-03-30,20418
2016-03-31,20297
2016-04-01,21628
2016-04-02,17703
2016-04-03,19646
2016-04-04,21414
2016-04-05,20576
2016-04-06,21032
2016-04-07,20953
2016-04-08,22114
2016-04-09,17229
2016-04-10,19737
2016-04-11,21694
2016-04-12,20796
2016-04-13,21172
2016-04-14,21798
2016-04-15,22362
2016-04-16,17567
2016-04-17,19764
2016-04-18,21869
2016-04-19,20856
2016-04-20,21271
2016-04-21,21963
2016-04-22,22549
2016-04-23,17749
2016-04-24,19891
2016-04-25,21848
2016-04-26,21104
2016-04-27,20591
2016-04-28,21926
2016-04-29,23181
2016-04-30,18466
2016-05-01,20370
2016-05-02,22371
2016-05-03,22061
2016-05-04,22637
2016-05-05,21138
2016-05-06,21131
2016-05-07,18555
2016-05-08,21484
2016-05-09,22881
2016-05-10,22240
2016-05-11,22466
2016-05-12,23240
2016-05-13,23834
2016-05-14,19301
2016-05-15,20347
2016-05-16,22068
2016-05-17,22198
2016-05-18,22951
2016-05-19,22932
2016-05-20,23833
2016-05-21,19484
2016-05-22,21526
2016-05-23,23095
2016-05-24,22687
2016-05-25,23325
2016-05-26,22915
2016-05-27,24294
2016-05-28,20334
2016-05-29,22193
2016-05-30,23481
2016-05-31,23051
2016-06-01,23675
2016-06-02,23788
2016-06-03,24353
2016-06-04,20358
2016-06-05,22281
2016-06-06,23667
2016-06-07,23026
2016-06-08,23574
2016-06-09,24171
2016-06-10,24741
2016-06-11,20357
2016-06-12,22084
2016-06-13,23903
2016-06-14,23006
2016-06-15,24093
2016-06-16,24429
2016-06-17,24741
2016-06-18,21067
2016-06-19,22777
2016-06-20,24488
2016-06-21,23947
2016-06-22,24209
2016-06-23,24179
2016-06-24,24683
2016-06-25,21027
2016-06-26,23133
2016-06-27,24285
2016-06-28,23292
2016-06-29,24173
2016-06-30,24775
2016-07-01,25453
2016-07-02,21758
2016-07-03,23124
2016-07-04,24650
2016-07-05,23615
2016-07-06,24586
2016-07-07,24993
2016-07-08,25467
2016-07-09,22114
2016-07-10,23465
2016-07-11,24726
2016-07-12,23940
2016-07-13,24294
2016-07-14,24266
2016-07-15,24806
2016-07-16,21317
2016-07-17,23437
2016-07-18,24560
2016-07-19,23848
2016-07-20,24282
2016-07-21,24556
2016-07-22,24895
2016-07-23,21877
2016-07-24,23228
2016-07-25,24363
2016-07-26,23788
2016-07-27,24015
2016-07-28,24185
2016-07-29,24966
2016-07-30,22028
2016-07-31,23162
2016-08-01,23961
2016-08-02,23187
2016-08-03,23639
2016-08-04,23787
2016-08-05,24444
2016-08-06,22128
2016-08-07,22960
2016-08-08,23826
2016-08-09,23076
2016-08-10,23466
2016-08-11,23591
2016-08-12,24336
2016-08-13,22226
2016-08-14,22932
2016-08-15,23785
2016-08-16,23410
2016-08-17,23810
2016-08-18,24043
2016-08-19,24650
2016-08-20,22002
2016-08-21,23248
2016-08-22,24340
2016-08-23,23880
2016-08-24,24200
2016-08-25,24551
2016-08-26,25255
2016-08-27,22133
2016-08-28,23330
2016-08-29,24765
2016-08-30,24464
2016-08-31,24770
2016-09-01,24809
2016-09-02,25447
2016-09-03,21885
2016-09-04,23390
2016-09-05,24811
2016-09-06,24160
2016-09-07,24597
2016-09-08,24993
2016-09-09,25722
2016-09-10,21634
2016-09-11,23321
2016-09-12,24579
2016-09-13,23812
2016-09-14,24226
2016-09-15,24355
2016-09-16,25266
2016-09-17,21062
2016-09-18,22911
2016-09-19,24384
2016-09-20,23714
2016-09-21,24186
2016-09-22,24354
2016-09-23,25220
2016-09-24,20696
2016-09-25,22656
2016-09-26,24288
2016-09-27,23562
2016-09-28,24039
2016-09-29,24427
2016-09-30,25114
2016-10-01,20168
2016-10-02,22022
2016-10-03,23172
2016-10-04,22639
2016-10-05,23110
2016-10-06,23380
2016-10-07,24096
2016-10-08,19598
2016-10-09,21300
2016-10-10,23165
2016-10-11,22236
2016-10-12,22456
2016-10-13,23091
2016-10-14,23832
2016-10-15,19482
2016-10-16,21296
2016-10-17,22966
2016-10-18,22149
2016-10-19,22600
2016-10-20,23258
2016-10-21,23593
2016-10-22,19353
2016-10-23,21075
2016-10-24,22665
2016-10-25,21922
2016-10-26,22293
2016-10-27,22291
2016-10-28,23314
2016-10-29,19011
2016-10-30,19177
2016-10-31,20152
2016-11-01,19070
2016-11-02,20218
2016-11-03,20569
2016-11-04,21082
2016-11-05,15830
2016-11-06,18355
2016-11-07,20182
2016-11-08,18980
2016-11-09,19266
2016-11-10,20303
2016-11-11,20345
2016-11-12,14907
2016-11-13,18036
2016-11-14,20250
2016-11-15,18865
2016-11-16,19459
2016-11-17,20243
2016-11-18,20870
2016-11-19,14985
2016-11-20,17649
2016-11-21,19801
2016-11-22,18665
2016-11-23,18411
2016-11-24,19235
2016-11-25,19882
2016-11-26,14577
2016-11-27,17592
2016-11-28,20093
2016-11-29,17979
2016-11-30,18585
2016-12-01,19973
2016-12-02,20733
2016-12-03,14902
2016-12-04,17303
2016-12-05,19634
2016-12-06,18393
2016-12-07,19189
2016-12-08,19735
2016-12-09,20432
2016-12-10,14888
2016-12-11,17776
2016-12-12,19816
2016-12-13,18798
2016-12-14,19411
2016-12-15,20301
2016-12-16,21107
2016-12-17,15615
2016-12-18,17754
2016-12-19,19773
2016-12-20,19149
2016-12-21,19661
2016-12-22,20188
2016-12-23,20513
2016-12-24,13345
2016-12-25,9284
2016-12-26,16173
2016-12-27,17369
2016-12-28,17459
2016-12-29,17863
2016-12-30,17838
2016-12-31,13154
2017-01-01,14878
2017-01-02,19150
2017-01-03,17950
2017-01-04,17801
2017-01-05,18205
2017-01-06,18312
2017-01-07,14300
2017-01-08,17447
2017-01-09,18327
2017-01-10,17084
2017-01-11,17752
2017-01-12,18455
2017-01-13,19011
2017-01-14,14626
2017-01-15,17145
2017-01-16,19032
2017-01-17,17397
2017-01-18,17929
2017-01-19,18948
2017-01-20,20024
2017-01-21,14765
2017-01-22,17220
2017-01-23,18607
2017-01-24,17251
2017-01-25,17877
2017-01-26,18805
2017-01-27,19629
2017-01-28,14648
2017-01-29,17197
2017-01-30,19039
2017-01-31,17587
2017-02-01,18032
2017-02-02,18991
2017-02-03,19968
2017-02-04,15071
2017-02-05,17323
2017-02-06,19292
2017-02-07,17886
2017-02-08,18483
2017-02-09,19518
2017-02-10,20496
2017-02-11,15801
2017-02-12,17774
2017-02-13,19454
2017-02-14,18310
2017-02-15,19111
2017-02-16,19592
2017-02-17,20589
2017-02-18,16267
2017-02-19,18367
2017-02-20,19742
2017-02-21,18511
2017-02-22,19204
2017-02-23,18907
2017-02-24,20917
2017-02-25,16235
2017-02-26,18304
2017-02-27,19887
2017-02-28,18583
2017-03-01,19418
2017-03-02,20040
2017-03-03,20752
2017-03-04,16052
2017-03-05,18248
2017-03-06,19763
2017-03-07,18474
2017-03-08,19278
2017-03-09,20057
2017-03-10,20520
2017-03-11,16135
2017-03-12,18389
2017-03-13,19805
2017-03-14,18789
2017-03-15,19810
2017-03-16,20588
2017-03-17,21304
2017-03-18,16020
2017-03-19,18433
2017-03-20,19983
2017-03-21,19320
2017-03-22,19773
2017-03-23,20421
2017-03-24,21108
2017-03-25,16253
2017-03-26,19827
2017-03-27,21813
2017-03-28,21299
2017-03-29,21640
2017-03-30,22172
2017-03-31,22760
2017-04-01,18399
2017-04-02,20346
2017-04-03,22142
2017-04-04,21507
2017-04-05,21610
2017-04-06,22449
2017-04-07,23120
2017-04-08,19246
2017-04-09,20845
2017-04-10,21911
2017-04-11,21170
2017-04-12,21945
2017-04-13,22265
2017-04-14,21121
2017-04-15,18419
2017-04-16,19316
2017-04-17,21214
2017-04-18,21849
2017-04-19,21910
2017-04-20,22655
2017-04-21,23200
2017-04-22,19092
2017-04-23,21144
2017-04-24,22737
2017-04-25,22097
2017-04-26,22503
2017-04-27,23126
2017-04-28,24183
2017-04-29,19612
2017-04-30,20155
2017-05-01,21413
2017-05-02,22439
2017-05-03,22987
2017-05-04,23662
2017-05-05,24234
2017-05-06,19989
2017-05-07,21588
2017-05-08,23369
2017-05-09,23143
2017-05-10,23549
2017-05-11,23923
2017-05-12,24410
2017-05-13,20323
2017-05-14,22170
2017-05-15,23849
2017-05-16,23182
2017-05-17,23254
2017-05-18,24248
2017-05-19,24791
2017-05-20,20665
2017-05-21,22569
2017-05-22,24201
2017-05-23,23666
2017-05-24,24587
2017-05-25,23074
2017-05-26,23101
2017-05-27,20320
2017-05-28,22841
2017-05-29,24437
2017-05-30,23666
2017-05-31,23955
2017-06-01,24898
2017-06-02,25360
2017-06-03,21447
2017-06-04,22411
2017-06-05,23384
2017-06-06,23581
2017-06-07,24154
2017-06-08,24962
2017-06-09,25574
2017-06-10,21684
2017-06-11,23368
2017-06-12,25117
2017-06-13,24439
2017-06-14,24790
2017-06-15,25108
2017-06-16,25606
2017-06-17,22045
2017-06-18,23837
2017-06-19,25322
2017-06-20,24696
2017-06-21,25162
2017-06-22,25683
2017-06-23,25917
2017-06-24,22468
2017-06-25,23925
2017-06-26,25575
2017-06-27,24881
2017-06-28,25186
2017-06-29,25818
2017-06-30,26488
2017-07-01,23207
2017-07-02,24349
2017-07-03,25788
2017-07-04,25211
2017-07-05,25680
2017-07-06,25859
2017-07-07,26335
2017-07-08,23145
2017-07-09,24261
2017-07-10,25557
2017-07-11,25047
2017-07-12,25447
2017-07-13,25931
2017-07-14,25699
2017-07-15,23011
2017-07-16,24373
2017-07-17,25335
2017-07-18,24869
2017-07-19,25175
2017-07-20,25575
2017-07-21,26070
2017-07-22,23051
2017-07-23,24136
2017-07-24,25294
2017-07-25,24904
2017-07-26,25275
2017-07-27,25770
2017-07-28,26293
2017-07-29,23227
2017-07-30,24241
2017-07-31,25164
2017-08-01,24506
2017-08-02,24579
2017-08-03,24922
2017-08-04,25500
2017-08-05,23166
2017-08-06,23976
2017-08-07,24837
2017-08-08,24219
2017-08-09,24441
2017-08-10,24768
2017-08-11,25380
2017-08-12,23141
2017-08-13,23919
2017-08-14,24661
2017-08-15,23854
2017-08-16,24570
2017-08-17,24925
2017-08-18,25472
2017-08-19,23063
2017-08-20,24168
2017-08-21,25338
2017-08-22,24593
2017-08-23,25168
2017-08-24,25432
2017-08-25,26017
2017-08-26,23334
2017-08-27,24284
2017-08-28,25566
2017-08-29,25189
2017-08-30,25454
2017-08-31,25839
2017-09-01,26240
2017-09-02,22960
2017-09-03,24388
2017-09-04,25907
2017-09-05,25356
2017-09-06,25694
2017-09-07,26240
2017-09-08,26428
2017-09-09,22641
2017-09-10,24129
2017-09-11,25505
2017-09-12,24560
2017-09-13,25279
2017-09-14,25951
2017-09-15,26371
2017-09-16,22240
2017-09-17,23977
2017-09-18,25345
2017-09-19,24765
2017-09-20,25228
2017-09-21,25600
2017-09-22,26135
2017-09-23,22061
2017-09-24,23772
2017-09-25,25242
2017-09-26,24609
2017-09-27,24982
2017-09-28,25573
2017-09-29,26026
2017-09-30,21670
2017-10-01,23446
2017-10-02,24240
2017-10-03,23503
2017-10-04,24152
2017-10-05,24049
2017-10-06,25101
2017-10-07,20709
2017-10-08,22765
2017-10-09,24208
2017-10-10,21947
2017-10-11,23864
2017-10-12,24131
2017-10-13,24775
2017-10-14,20510
2017-10-15,22455
2017-10-16,23358
2017-10-17,23165
2017-10-18,23503
2017-10-19,24115
2017-10-20,24668
2017-10-21,20349
2017-10-22,21947
2017-10-23,23587
2017-10-24,22730
2017-10-25,23216
2017-10-26,23644
2017-10-27,23903
2017-10-28,19785
2017-10-29,19912
2017-10-30,21110
2017-10-31,19797
2017-11-01,19593
2017-11-02,20720
2017-11-03,21571
2017-11-04,16855
2017-11-05,19371
2017-11-06,21069
2017-11-07,19735
2017-11-08,20067
2017-11-09,20620
2017-11-10,21434
2017-11-11,15459
2017-11-12,18451
2017-11-13,20495
2017-11-14,19493
2017-11-15,19901
2017-11-16,20439
2017-11-17,21364
2017-11-18,15339
2017-11-19,18191
2017-11-20,20477
2017-11-21,18953
2017-11-22,19590
2017-11-23,20155
2017-11-24,21209
2017-11-25,15189
2017-11-26,18066
2017-11-27,20354
2017-11-28,19167
2017-11-29,19644
2017-11-30,20370
2017-12-01,21109
2017-12-02,15168
2017-12-03,17825
2017-12-04,20158
2017-12-05,19322
2017-12-06,19759
2017-12-07,20235
2017-12-08,20436
2017-12-09,15307
2017-12-10,16184
2017-12-11,18925
2017-12-12,19280
2017-12-13,19649
2017-12-14,20356
2017-12-15,21006
2017-12-16,15884
2017-12-17,18179
2017-12-18,20083
2017-12-19,19660
2017-12-20,20275
2017-12-21,20925
2017-12-22,21371
2017-12-23,17667
2017-12-24,13454
2017-12-25,9218
2017-12-26,16278
2017-12-27,18127
2017-12-28,18653
2017-12-29,19284
2017-12-30,16377
2017-12-31,13621
2018-01-01,15874
2018-01-02,19847
2018-01-03,19140
2018-01-04,19510
2018-01-05,20240
2018-01-06,17057
2018-01-07,19252
2018-01-08,20380
2018-01-09,19148
2018-01-10,19386
2018-01-11,19883
2018-01-12,20865
2018-01-13,15708
2018-01-14,18292
2018-01-15,20058
2018-01-16,18667
2018-01-17,19289
2018-01-18,19725
2018-01-19,20885
2018-01-20,15788
2018-01-21,18532
2018-01-22,20278
2018-01-23,19265
2018-01-24,19576
2018-01-25,20454
2018-01-26,21337
2018-01-27,15862
2018-01-28,18496
2018-01-29,20498
2018-01-30,19440
2018-01-31,19883
2018-02-01,20412
2018-02-02,21416
2018-02-03,16053
2018-02-04,18741
2018-02-05,20526
2018-02-06,19225
2018-02-07,19540
2018-02-08,20777
2018-02-09,21822
2018-02-10,17259
2018-02-11,19039
2018-02-12,20556
2018-02-13,19764
2018-02-14,20424
2018-02-15,20985
2018-02-16,22089
2018-02-17,17419
2018-02-18,19608
2018-02-19,21179
2018-02-20,20131
2018-02-21,20596
2018-02-22,20963
2018-02-23,22141
2018-02-24,17429
2018-02-25,19625
2018-02-26,20978
2018-02-27,20017
2018-02-28,19318
2018-03-01,19056
2018-03-02,19820
2018-03-03,16929
2018-03-04,19848
2018-03-05,21654
2018-03-06,20587
2018-03-07,21314
2018-03-08,21534
2018-03-09,22577
2018-03-10,17468
2018-03-11,19824
2018-03-12,21950
2018-03-13,20984
2018-03-14,21479
2018-03-15,22129
2018-03-16,22704
2018-03-17,17052
2018-03-18,19236
2018-03-19,21876
2018-03-20,20938
2018-03-21,21473
2018-03-22,21156
2018-03-23,23055
2018-03-24,18268
2018-03-25,21604
2018-03-26,23304
2018-03-27,22543
2018-03-28,23460
2018-03-29,23764
2018-03-30,22125
2018-03-31,19589
2018-04-01,20724
2018-04-02,22318
2018-04-03,23114
2018-04-04,23431
2018-04-05,24128
2018-04-06,24502
2018-04-07,20060
2018-04-08,22229
2018-04-09,24325
2018-04-10,22473
2018-04-11,23549
2018-04-12,24338
2018-04-13,24754
2018-04-14,20324
2018-04-15,22508
2018-04-16,24587
2018-04-17,23459
2018-04-18,23954
2018-04-19,24617
2018-04-20,25109
2018-04-21,20398
2018-04-22,22668
2018-04-23,24471
2018-04-24,23774
2018-04-25,24063
2018-04-26,25173
2018-04-27,25783
2018-04-28,21160
2018-04-29,22213
2018-04-30,23096
2018-05-01,22759
2018-05-02,24797
2018-05-03,25157
2018-05-04,25765
2018-05-05,21569
2018-05-06,23403
2018-05-07,24700
2018-05-08,23211
2018-05-09,25098
2018-05-10,23933
2018-05-11,24427
2018-05-12,21504
2018-05-13,24165
2018-05-14,25528
2018-05-15,24702
2018-05-16,25113
2018-05-17,25300
2018-05-18,26509
2018-05-19,22040
2018-05-20,23061
2018-05-21,24834
2018-05-22,23610
2018-05-23,25418
2018-05-24,26008
2018-05-25,26999
2018-05-26,22549
2018-05-27,24010
2018-05-28,25887
2018-05-29,24693
2018-05-30,25507
2018-05-31,25399
2018-06-01,26307
2018-06-02,22913
2018-06-03,24907
2018-06-04,26351
2018-06-05,25536
2018-06-06,25785
2018-06-07,26551
2018-06-08,26578
2018-06-09,22934
2018-06-10,24708
2018-06-11,26591
2018-06-12,26186
2018-06-13,26907
2018-06-14,27687
2018-06-15,27889
2018-06-16,23503
2018-06-17,25475
2018-06-18,27454
2018-06-19,26838
2018-06-20,27376
2018-06-21,27666
2018-06-22,27813
2018-06-23,23758
2018-06-24,25642
2018-06-25,27571
2018-06-26,26919
2018-06-27,27352
2018-06-28,27978
2018-06-29,28102
2018-06-30,24389
2018-07-01,25996
2018-07-02,27531
2018-07-03,26934
2018-07-04,27308
2018-07-05,27673
2018-07-06,27862
2018-07-07,24455
2018-07-08,26081
2018-07-09,27600
2018-07-10,26989
2018-07-11,27228
2018-07-12,27780
2018-07-13,27859
2018-07-14,24687
2018-07-15,25928
2018-07-16,27281
2018-07-17,26862
2018-07-18,27084
2018-07-19,27474
2018-07-20,27738
2018-07-21,24656
2018-07-22,25840
2018-07-23,27296
2018-07-24,26571
2018-07-25,26665
2018-07-26,27180
2018-07-27,27417
2018-07-28,24458
2018-07-29,26044
2018-07-30,27082
2018-07-31,26309
2018-08-01,26734
2018-08-02,26867
2018-08-03,27302
2018-08-04,24647
2018-08-05,25673
2018-08-06,26631
2018-08-07,25798
2018-08-08,26399
2018-08-09,26192
2018-08-10,26696
2018-08-11,24592
2018-08-12,25863
2018-08-13,26702
2018-08-14,26103
2018-08-15,26229
2018-08-16,26935
2018-08-17,27255
2018-08-18,24650
2018-08-19,25939
2018-08-20,26970
2018-08-21,26430
2018-08-22,26814
2018-08-23,27275
2018-08-24,27691
2018-08-25,24630
2018-08-26,26310
2018-08-27,27400
2018-08-28,27138
2018-08-29,27418
2018-08-30,27991
2018-08-31,28112
2018-09-01,24638
2018-09-02,26353
2018-09-03,27633
2018-09-04,27094
2018-09-05,27562
2018-09-06,27933
2018-09-07,28387
2018-09-08,24214
2018-09-09,25912
2018-09-10,27245
2018-09-11,26958
2018-09-12,27234
2018-09-13,27798
2018-09-14,27865
2018-09-15,23637
2018-09-16,25589
2018-09-17,27037
2018-09-18,26435
2018-09-19,26574
2018-09-20,27501
2018-09-21,27579
2018-09-22,23579
2018-09-23,25369
2018-09-24,26896
2018-09-25,26514
2018-09-26,26852
2018-09-27,27520
2018-09-28,27446
2018-09-29,23565
2018-09-30,25585
2018-10-01,26608
2018-10-02,25710
2018-10-03,25958
2018-10-04,26581
2018-10-05,26953
2018-10-06,22525
2018-10-07,24807
2018-10-08,26272
2018-10-09,25227
2018-10-10,25510
2018-10-11,26331
2018-10-12,26428
2018-10-13,22065
2018-10-14,24318
2018-10-15,25799
2018-10-16,24929
2018-10-17,25428
2018-10-18,25968
2018-10-19,26571
2018-10-20,22127
2018-10-21,23917
2018-10-22,25606
2018-10-23,24743
2018-10-24,25088
2018-10-25,25746
2018-10-26,26087
2018-10-27,21683
2018-10-28,22052
2018-10-29,23202
2018-10-30,21958
2018-10-31,22646
2018-11-01,21673
2018-11-02,22680
2018-11-03,18468
2018-11-04,21677
2018-11-05,22939
2018-11-06,21300
2018-11-07,21778
2018-11-08,22563
2018-11-09,23113
2018-11-10,17343
2018-11-11,20493
2018-11-12,22437
2018-11-13,21071
2018-11-14,21630
2018-11-15,22548
2018-11-16,23049
2018-11-17,17257
2018-11-18,20322
2018-11-19,22304
2018-11-20,20597
2018-11-21,21324
2018-11-22,22100
2018-11-23,22628
2018-11-24,16813
2018-11-25,20042
2018-11-26,22236
2018-11-27,20709
2018-11-28,21253
2018-11-29,22246
2018-11-30,23103
2018-12-01,16957
2018-12-02,20087
2018-12-03,22130
2018-12-04,20831
2018-12-05,21536
2018-12-06,22051
2018-12-07,22771
2018-12-08,16663
2018-12-09,20119
2018-12-10,22241
2018-12-11,20947
2018-12-12,21578
2018-12-13,22170
2018-12-14,23040
2018-12-15,17373
2018-12-16,19525
2018-12-17,22186
2018-12-18,21284
2018-12-19,21962
2018-12-20,22615
2018-12-21,23481
2018-12-22,19772
2018-12-23,20144
2018-12-24,15562
2018-12-25,10202
2018-12-26,18416
2018-12-27,20833
2018-12-28,21266
2018-12-29,18563
2018-12-30,19253
2018-12-31,15546
2019-01-01,16217
2019-01-02,20906
2019-01-03,20997
2019-01-04,21318
2019-01-05,18097
2019-01-06,20485
2019-01-07,21148
2019-01-08,19297
2019-01-09,19972
2019-01-10,20150
2019-01-11,20907
2019-01-12,16609
2019-01-13,19134
2019-01-14,20687
2019-01-15,18692
2019-01-16,19889
2019-01-17,20686
2019-01-18,21956
2019-01-19,16568
2019-01-20,19461
2019-01-21,21118
2019-01-22,19297
2019-01-23,19803
2019-01-24,20687
2019-01-25,21789
2019-01-26,16447
2019-01-27,19364
2019-01-28,20841
2019-01-29,19358
2019-01-30,19918
2019-01-31,20835
2019-02-01,21670
2019-02-02,16915
2019-02-03,19004
2019-02-04,20951
2019-02-05,19709
2019-02-06,20442
2019-02-07,21278
2019-02-08,22264
2019-02-09,17234
2019-02-10,19635
2019-02-11,21395
2019-02-12,19972
2019-02-13,20103
2019-02-14,21681
2019-02-15,23015
2019-02-16,18287
2019-02-17,20325
2019-02-18,21553
2019-02-19,20272
2019-02-20,20743
2019-02-21,21806
2019-02-22,22695
2019-02-23,18415
2019-02-24,20744
2019-02-25,21995
2019-02-26,20610
2019-02-27,21153
2019-02-28,21962
2019-03-01,22808
2019-03-02,18404
2019-03-03,20424
2019-03-04,21829
2019-03-05,20840
2019-03-06,21405
2019-03-07,22204
2019-03-08,23063
2019-03-09,18133
2019-03-10,20442
2019-03-11,22315
2019-03-12,20993
2019-03-13,21231
2019-03-14,22285
2019-03-15,23334
2019-03-16,18177
2019-03-17,20529
2019-03-18,22347
2019-03-19,20812
2019-03-20,21689
2019-03-21,22397
2019-03-22,23400
2019-03-23,18050
2019-03-24,20697
2019-03-25,22119
2019-03-26,21207
2019-03-27,21766
2019-03-28,22485
2019-03-29,23398
2019-03-30,18285
2019-03-31,21725
2019-04-01,24102
2019-04-02,23533
2019-04-03,23972
2019-04-04,24444
2019-04-05,24940
2019-04-06,20160
2019-04-07,22346
2019-04-08,24109
2019-04-09,23488
2019-04-10,24296
2019-04-11,24822
2019-04-12,25650
2019-04-13,21407
2019-04-14,22971
2019-04-15,24092
2019-04-16,23580
2019-04-17,24286
2019-04-18,24771
2019-04-19,23399
2019-04-20,20886
2019-04-21,22123
2019-04-22,23538
2019-04-23,24279
2019-04-24,24411
2019-04-25,24982
2019-04-26,24953
2019-04-27,21569
2019-04-28,23251
2019-04-29,24491
2019-04-30,23821
2019-05-01,22855
2019-05-02,24738
2019-05-03,25860
2019-05-04,21999
2019-05-05,24146
2019-05-06,25305
2019-05-07,25029
2019-05-08,24760
2019-05-09,24132
2019-05-10,26442
2019-05-11,22074
2019-05-12,24126
2019-05-13,25602
2019-05-14,24725
2019-05-15,25201
2019-05-16,25698
2019-05-17,25738
2019-05-18,22152
2019-05-19,23969
2019-05-20,25632
2019-05-21,24380
2019-05-22,25566
2019-05-23,26369
2019-05-24,27067
2019-05-25,22807
2019-05-26,24628
2019-05-27,26133
2019-05-28,25524
2019-05-29,26568
2019-05-30,25013
2019-05-31,25608
2019-06-01,23441
2019-06-02,26355
2019-06-03,26813
2019-06-04,26313
2019-06-05,26769
2019-06-06,27022
2019-06-07,27818
2019-06-08,23843
2019-06-09,25034
2019-06-10,26480
2019-06-11,26853
2019-06-12,27233
2019-06-13,27911
2019-06-14,28246
2019-06-15,24250
2019-06-16,26149
2019-06-17,27694
2019-06-18,27120
2019-06-19,27490
2019-06-20,27604
2019-06-21,27784
2019-06-22,24263
2019-06-23,26243
2019-06-24,27700
2019-06-25,27170
2019-06-26,27517
2019-06-27,28129
2019-06-28,28462
2019-06-29,24795
2019-06-30,26534
2019-07-01,27729
2019-07-02,27260
2019-07-03,27603
2019-07-04,28168
2019-07-05,28483
2019-07-06,24773
2019-07-07,26314
2019-07-08,27795
2019-07-09,27202
2019-07-10,27468
2019-07-11,28093
2019-07-12,28024
2019-07-13,24937
2019-07-14,26341
2019-07-15,27759
2019-07-16,27160
2019-07-17,27210
2019-07-18,27860
2019-07-19,28131
2019-07-20,24864
2019-07-21,26203
2019-07-22,27472
2019-07-23,26995
2019-07-24,26972
2019-07-25,27357
2019-07-26,27625
2019-07-27,24626
2019-07-28,26089
2019-07-29,27405
2019-07-30,26647
2019-07-31,26998
2019-08-01,27363
2019-08-02,27496
2019-08-03,24895
2019-08-04,26082
2019-08-05,26843
2019-08-06,26226
2019-08-07,26185
2019-08-08,26996
2019-08-09,27342
2019-08-10,24867
2019-08-11,26036
2019-08-12,26865
2019-08-13,26349
2019-08-14,26730
2019-08-15,26588
2019-08-16,27268
2019-08-17,24732
2019-08-18,26328
2019-08-19,27220
2019-08-20,26635
2019-08-21,27011
2019-08-22,27685
2019-08-23,27826
2019-08-24,24722
2019-08-25,26247
2019-08-26,27510
2019-08-27,27072
2019-08-28,27527
2019-08-29,28020
2019-08-30,28252
2019-08-31,24894
2019-09-01,26215
2019-09-02,27629
2019-09-03,27369
2019-09-04,27631
2019-09-05,28071
2019-09-06,27855
2019-09-07,24130
2019-09-08,26404
2019-09-09,27008
2019-09-10,26428
2019-09-11,27316
2019-09-12,28040
2019-09-13,28124
2019-09-14,24065
2019-09-15,26131
2019-09-16,27436
2019-09-17,26827
2019-09-18,27118
2019-09-19,27735
2019-09-20,28062
2019-09-21,23653
2019-09-22,25760
2019-09-23,27080
2019-09-24,26381
2019-09-25,27141
2019-09-26,27478
2019-09-27,27442
2019-09-28,23621
2019-09-29,25519
2019-09-30,26669
2019-10-01,25516
2019-10-02,26201
2019-10-03,26459
2019-10-04,26808
2019-10-05,22657
2019-10-06,24824
2019-10-07,25981
2019-10-08,24735
2019-10-09,24958
2019-10-10,26120
2019-10-11,26669
2019-10-12,22305
2019-10-13,24308
2019-10-14,25483
2019-10-15,24701
2019-10-16,25169
2019-10-17,25963
2019-10-18,26379
2019-10-19,22160
2019-10-20,23877
2019-10-21,25595
2019-10-22,24488
2019-10-23,25055
2019-10-24,25825
2019-10-25,25678
2019-10-26,21964
2019-10-27,22273
2019-10-28,23474
2019-10-29,22195
2019-10-30,22706
2019-10-31,23292
2019-11-01,22510
2019-11-02,18610
2019-11-03,21811
2019-11-04,23050
2019-11-05,21371
2019-11-06,21384
2019-11-07,21679
2019-11-08,22718
2019-11-09,17154
2019-11-10,20426
2019-11-11,22022
2019-11-12,20416
2019-11-13,20685
2019-11-14,21954
2019-11-15,23048
2019-11-16,17036
2019-11-17,20314
2019-11-18,22095
2019-11-19,20164
2019-11-20,20590
2019-11-21,21680
2019-11-22,22940
2019-11-23,16719
2019-11-24,20208
2019-11-25,21393
2019-11-26,20031
2019-11-27,20495
2019-11-28,21627
2019-11-29,22724
2019-11-30,16752
2019-12-01,20008
2019-12-02,21869
2019-12-03,20259
2019-12-04,20844
2019-12-05,20671
2019-12-06,22057
2019-12-07,16650
2019-12-08,20084
2019-12-09,22058
2019-12-10,19716
2019-12-11,20998
2019-12-12,21636
2019-12-13,22488
2019-12-14,17324
2019-12-15,20217
2019-12-16,21940
2019-12-17,20155
2019-12-18,21462
2019-12-19,22719
2019-12-20,23651
2019-12-21,19565
2019-12-22,20722
2019-12-23,21050
2019-12-24,15107
2019-12-25,10855
2019-12-26,18921
2019-12-27,21186
2019-12-28,18517
2019-12-29,19943
2019-12-30,20151
2019-12-31,15513
2020-01-01,16056
2020-01-02,20778
2020-01-03,21282
2020-01-04,18666
2020-01-05,20757
2020-01-06,21301
2020-01-07,19400
2020-01-08,19482
2020-01-09,20027
2020-01-10,21489
2020-01-11,16675
2020-01-12,19425
2020-01-13,20622
2020-01-14,18087
2020-01-15,18973
2020-01-16,20127
2020-01-17,21459
2020-01-18,16307
2020-01-19,19302
2020-01-20,20747
2020-01-21,18751
2020-01-22,19123
2020-01-23,20371
2020-01-24,21654
2020-01-25,16308
2020-01-26,19372
2020-01-27,20805
2020-01-28,18620
2020-01-29,19101
2020-01-30,20417
2020-01-31,21857
2020-02-01,16633
2020-02-02,19454
2020-02-03,20951
2020-02-04,18914
2020-02-05,19547
2020-02-06,20727
2020-02-07,21650
2020-02-08,17220
2020-02-09,17070
2020-02-10,19039
2020-02-11,19115
2020-02-12,20062
2020-02-13,21207
2020-02-14,22693
2020-02-15,17909
2020-02-16,19748
2020-02-17,21572
2020-02-18,19958
2020-02-19,20444
2020-02-20,21196
2020-02-21,22854
2020-02-22,18344
2020-02-23,20156
2020-02-24,21843
2020-02-25,20294
2020-02-26,20464
2020-02-27,21221
2020-02-28,22577
2020-02-29,17817
2020-03-01,20314
2020-03-02,21549
2020-03-03,19912
2020-03-04,20360
2020-03-05,20708
2020-03-06,21596
2020-03-07,16993
2020-03-08,19361
2020-03-09,20002
2020-03-10,17995
2020-03-11,17836
2020-03-12,18395
2020-03-13,19096
2020-03-14,14430
2020-03-15,15515
2020-03-16,14744
2020-03-17,11484
2020-03-18,10158
2020-03-19,9385
2020-03-20,8986
2020-03-21,5767
2020-03-22,5475
2020-03-23,4678
2020-03-24,4362
2020-03-25,3993
2020-03-26,4043
2020-03-27,3967
2020-03-28,2422
2020-03-29,2318
2020-03-30,2766
2020-03-31,2863
2020-04-01,3008
2020-04-02,2805
2020-04-03,2843
2020-04-04,1693
2020-04-05,1817
2020-04-06,2475
2020-04-07,2562
2020-04-08,2672
2020-04-09,2508
2020-04-10,2000
2020-04-11,1383
2020-04-12,1432
2020-04-13,1771
2020-04-14,2446
2020-04-15,2669
2020-04-16,2736
2020-04-17,2593
2020-04-18,1468
2020-04-19,1643
2020-04-20,2517
2020-04-21,2647
2020-04-22,2845
2020-04-23,2891
2020-04-24,2780
2020-04-25,1552
2020-04-26,1755
2020-04-27,2671
2020-04-28,2774
2020-04-29,2953
2020-04-30,2947
2020-05-01,2181
2020-05-02,1523
2020-05-03,1864
2020-05-04,2829
2020-05-05,2883
2020-05-06,3048
2020-05-07,3153
2020-05-08,2970
2020-05-09,1787
2020-05-10,1984
2020-05-11,2943
2020-05-12,3185
2020-05-13,3250
2020-05-14,3427
2020-05-15,3448
2020-05-16,1967
2020-05-17,2116
2020-05-18,3220
2020-05-19,3358
2020-05-20,3698
2020-05-21,3061
2020-05-22,3234
2020-05-23,2129
2020-05-24,2412
2020-05-25,3298
2020-05-26,3510
2020-05-27,3858
2020-05-28,3800
2020-05-29,3776
2020-05-30,2202
2020-05-31,2352
2020-06-01,3324
2020-06-02,3941
2020-06-03,4292
2020-06-04,4436
2020-06-05,4502
2020-06-06,2788
2020-06-07,3181
2020-06-08,4363
2020-06-09,4369
2020-06-10,4694
2020-06-11,4530
2020-06-12,4772
2020-06-13,2985
2020-06-14,3486
2020-06-15,5396
2020-06-16,5255
2020-06-17,5542
2020-06-18,5695
2020-06-19,5893
2020-06-20,3906
2020-06-21,4792
2020-06-22,6109
2020-06-23,5915
2020-06-24,6271
2020-06-25,6379
2020-06-26,6757
2020-06-27,4663
2020-06-28,5334
2020-06-29,6368
2020-06-30,6350
2020-07-01,9305
2020-07-02,9259
2020-07-03,10287
2020-07-04,8214
2020-07-05,8976
2020-07-06,9655
2020-07-07,8969
2020-07-08,9545
2020-07-09,9612
2020-07-10,10788
2020-07-11,8849
2020-07-12,9292
2020-07-13,9971
2020-07-14,9325
2020-07-15,10414
2020-07-16,10789
2020-07-17,11819
2020-07-18,10027
2020-07-19,10677
2020-07-20,11155
2020-07-21,10304
2020-07-22,10733
2020-07-23,11158
2020-07-24,12197
2020-07-25,10750
2020-07-26,11114
2020-07-27,11395
2020-07-28,10435
2020-07-29,10962
2020-07-30,11353
2020-07-31,12461
2020-08-01,12379
2020-08-02,12804
2020-08-03,12994
2020-08-04,11821
2020-08-05,12268
2020-08-06,12599
2020-08-07,13765
2020-08-08,12449
2020-08-09,12855
2020-08-10,13129
2020-08-11,11743
2020-08-12,12149
2020-08-13,12358
2020-08-14,13891
2020-08-15,12496
2020-08-16,13234
2020-08-17,13208
2020-08-18,11850
2020-08-19,12426
2020-08-20,12814
2020-08-21,13925
2020-08-22,12412
2020-08-23,13307
2020-08-24,13384
2020-08-25,12041
2020-08-26,12581
2020-08-27,13076
2020-08-28,14201
2020-08-29,12380
2020-08-30,13452
2020-08-31,13723
2020-09-01,11861
2020-09-02,12135
2020-09-03,12566
2020-09-04,13744
2020-09-05,11485
2020-09-06,12590
2020-09-07,12734
2020-09-08,11317
2020-09-09,11783
2020-09-10,12299
2020-09-11,13539
2020-09-12,10866
2020-09-13,12321
2020-09-14,12252
2020-09-15,10886
2020-09-16,11348
2020-09-17,11763
2020-09-18,13118
2020-09-19,10287
2020-09-20,11842
2020-09-21,11932
2020-09-22,10561
2020-09-23,11039
2020-09-24,11469
2020-09-25,12880
2020-09-26,10166
2020-09-27,11556
2020-09-28,11636
2020-09-29,10426
2020-09-30,11176
2020-10-01,11025
2020-10-02,12143
2020-10-03,9561
2020-10-04,10768
2020-10-05,11038
2020-10-06,9470
2020-10-07,10136
2020-10-08,10578
2020-10-09,12236
2020-10-10,9470
2020-10-11,10709
2020-10-12,10822
2020-10-13,9258
2020-10-14,9861
2020-10-15,9947
2020-10-16,12247
2020-10-17,9649
2020-10-18,10609
2020-10-19,10417
2020-10-20,8746
2020-10-21,9373
2020-10-22,9898
2020-10-23,11517
2020-10-24,9282
2020-10-25,10219
2020-10-26,10163
2020-10-27,8582
2020-10-28,9142
2020-10-29,9868
2020-10-30,11173
2020-10-31,8567
2020-11-01,9946
2020-11-02,9363
2020-11-03,7762
2020-11-04,8253
2020-11-05,8292
2020-11-06,9598
2020-11-07,6690
2020-11-08,8106
2020-11-09,8065
2020-11-10,6743
2020-11-11,6988
2020-11-12,7402
2020-11-13,8479
2020-11-14,5541
2020-11-15,6986
2020-11-16,7463
2020-11-17,6236
2020-11-18,6958
2020-11-19,7028
2020-11-20,7861
2020-11-21,5122
2020-11-22,6247
2020-11-23,6919
2020-11-24,5937
2020-11-25,6657
2020-11-26,6634
2020-11-27,7799
2020-11-28,4885
2020-11-29,6154
2020-11-30,7015
2020-12-01,6013
2020-12-02,6824
2020-12-03,6928
2020-12-04,8073
2020-12-05,5260
2020-12-06,6226
2020-12-07,6978
2020-12-08,6272
2020-12-09,6962
2020-12-10,7253
2020-12-11,8503
2020-12-12,5735
2020-12-13,6792
2020-12-14,7791
2020-12-15,7146
2020-12-16,7923
2020-12-17,9288
2020-12-18,11212
2020-12-19,9142
2020-12-20,9418
2020-12-21,9290
2020-12-22,8522
2020-12-23,9635
2020-12-24,6613
2020-12-25,4120
2020-12-26,6495
2020-12-27,8233
2020-12-28,7995
2020-12-29,7053
2020-12-30,8120
2020-12-31,5273
2021-01-01,4706
2021-01-02,7405
2021-01-03,9511
2021-01-04,8751
2021-01-05,7154
2021-01-06,7215
2021-01-07,7262
2021-01-08,8383
2021-01-09,6204
2021-01-10,7572
2021-01-11,7039
2021-01-12,5940
2021-01-13,6381
2021-01-14,6723
2021-01-15,7618
2021-01-16,5108
2021-01-17,6106
2021-01-18,6826
2021-01-19,5730
2021-01-20,6241
2021-01-21,6305
2021-01-22,7286
2021-01-23,4705
2021-01-24,5753
2021-01-25,6613
2021-01-26,5693
2021-01-27,6040
2021-01-28,6494
2021-01-29,7290
2021-01-30,4769
2021-01-31,5870
2021-02-01,6521
2021-02-02,5694
2021-02-03,6138
2021-02-04,6527
2021-02-05,7337
2021-02-06,4815
2021-02-07,5382
2021-02-08,5944
2021-02-09,5224
2021-02-10,6185
2021-02-11,6532
2021-02-12,7449
2021-02-13,5323
2021-02-14,5847
2021-02-15,6454
2021-02-16,5473
2021-02-17,6187
2021-02-18,6569
2021-02-19,7383
2021-02-20,5190
2021-02-21,6005
2021-02-22,6543
2021-02-23,5632
2021-02-24,6373
2021-02-25,6766
2021-02-26,7594
2021-02-27,5243
2021-02-28,6249
2021-03-01,6881
2021-03-02,5961
2021-03-03,6571
2021-03-04,6934
2021-03-05,7643
2021-03-06,5147
2021-03-07,6124
2021-03-08,6922
2021-03-09,6005
2021-03-10,6614
2021-03-11,6785
2021-03-12,7678
2021-03-13,5003
2021-03-14,6160
2021-03-15,6802
2021-03-16,6090
2021-03-17,6779
2021-03-18,7203
2021-03-19,7995
2021-03-20,5444
2021-03-21,6416
2021-03-22,7143
2021-03-23,6229
2021-03-24,7068
2021-03-25,7747
2021-03-26,8934
2021-03-27,6319
2021-03-28,7421
2021-03-29,7992
2021-03-30,7132
2021-03-31,8280
2021-04-01,8433
2021-04-02,8283
2021-04-03,6295
2021-04-04,6922
2021-04-05,7484
2021-04-06,6930
2021-04-07,7617
2021-04-08,7927
2021-04-09,9123
2021-04-10,6690
2021-04-11,8032
2021-04-12,8060
2021-04-13,6854
2021-04-14,7471
2021-04-15,7858
2021-04-16,8832
2021-04-17,6226
2021-04-18,7540
2021-04-19,7940
2021-04-20,6806
2021-04-21,7316
2021-04-22,7793
2021-04-23,8786
2021-04-24,6279
2021-04-25,7328
2021-04-26,7734
2021-04-27,6791
2021-04-28,7613
2021-04-29,8288
2021-04-30,8919
2021-05-01,6614
2021-05-02,7346
2021-05-03,8093
2021-05-04,7063
2021-05-05,7849
2021-05-06,8057
2021-05-07,9440
2021-05-08,6982
2021-05-09,7920
2021-05-10,8414
2021-05-11,7361
2021-05-12,8808
2021-05-13,8076
2021-05-14,8622
2021-05-15,6964
2021-05-16,9134
2021-05-17,9088
2021-05-18,8273
2021-05-19,8794
2021-05-20,9903
2021-05-21,11216
2021-05-22,8134
2021-05-23,9127
2021-05-24,9922
2021-05-25,8618
2021-05-26,9245
2021-05-27,9891
2021-05-28,11815
2021-05-29,9040
2021-05-30,10157
2021-05-31,10084
2021-06-01,10402
2021-06-02,11126
2021-06-03,11352
2021-06-04,12749
2021-06-05,10608
2021-06-06,12318
2021-06-07,11881
2021-06-08,10354
2021-06-09,11076
2021-06-10,11985
2021-06-11,13358
2021-06-12,10668
2021-06-13,12377
2021-06-14,12496
2021-06-15,11228
2021-06-16,12453
2021-06-17,13120
2021-06-18,14707
2021-06-19,12139
2021-06-20,13633
2021-06-21,13685
2021-06-22,12347
2021-06-23,13160
2021-06-24,14003
2021-06-25,15571
2021-06-26,13172
2021-06-27,14631
2021-06-28,14794
2021-06-29,13247
2021-06-30,14440
2021-07-01,16359
2021-07-02,17745
2021-07-03,15756
2021-07-04,16694
2021-07-05,16785
2021-07-06,15040
2021-07-07,15923
2021-07-08,16600
2021-07-09,18260
2021-07-10,16370
2021-07-11,17161
2021-07-12,17109
2021-07-13,15334
2021-07-14,16017
2021-07-15,16839
2021-07-16,18871
2021-07-17,17077
2021-07-18,17667
2021-07-19,18056
2021-07-20,16679
2021-07-21,17041
2021-07-22,17706
2021-07-23,19450
2021-07-24,17752
2021-07-25,18580
2021-07-26,17213
2021-07-27,16720
2021-07-28,17353
2021-07-29,18049
2021-07-30,19641
2021-07-31,18235
2021-08-01,19284
2021-08-02,18915
2021-08-03,17267
2021-08-04,17753
2021-08-05,18157
2021-08-06,19560
2021-08-07,18029
2021-08-08,19033
2021-08-09,18559
2021-08-10,17178
2021-08-11,17605
2021-08-12,18181
2021-08-13,19604
2021-08-14,18149
2021-08-15,19161
2021-08-16,18786
2021-08-17,17280
2021-08-18,17932
2021-08-19,18383
2021-08-20,19836
2021-08-21,18138
2021-08-22,19499
2021-08-23,19019
2021-08-24,17564
2021-08-25,18296
2021-08-26,18779
2021-08-27,20136
2021-08-28,18277
2021-08-29,19647
2021-08-30,19629
2021-08-31,18115
2021-09-01,18502
2021-09-02,19013
2021-09-03,20181
2021-09-04,17924
2021-09-05,19319
2021-09-06,19103
2021-09-07,17064
2021-09-08,18173
2021-09-09,18846
2021-09-10,20188
2021-09-11,17456
2021-09-12,19282
2021-09-13,18877
2021-09-14,17058
2021-09-15,17750
2021-09-16,18233
2021-09-17,20325
2021-09-18,17083
2021-09-19,19028
2021-09-20,18787
2021-09-21,16970
2021-09-22,17539
2021-09-23,18629
2021-09-24,19652
2021-09-25,16907
2021-09-26,18755
2021-09-27,18723
2021-09-28,16668
2021-09-29,17443
2021-09-30,18401
2021-10-01,19802
2021-10-02,16566
2021-10-03,18397
2021-10-04,18348
2021-10-05,16340
2021-10-06,17092
2021-10-07,18030
2021-10-08,19619
2021-10-09,16403
2021-10-10,18373
2021-10-11,18088
2021-10-12,16356
2021-10-13,16913
2021-10-14,17976
2021-10-15,19637
2021-10-16,16562
2021-10-17,18282
2021-10-18,18353
2021-10-19,16117
2021-10-20,17060
2021-10-21,17884
2021-10-22,19832
2021-10-23,16906
2021-10-24,18387
2021-10-25,18331
2021-10-26,16211
2021-10-27,16861
2021-10-28,17864
2021-10-29,19442
2021-10-30,16595
2021-10-31,17554
2021-11-01,17266
2021-11-02,15466
2021-11-03,16067
2021-11-04,16838
2021-11-05,18299
2021-11-06,14746
2021-11-07,17186
2021-11-08,17051
2021-11-09,14967
2021-11-10,15800
2021-11-11,16164
2021-11-12,17516
2021-11-13,13455
2021-11-14,16338
2021-11-15,16831
2021-11-16,14852
2021-11-17,15367
2021-11-18,16248
2021-11-19,17670
2021-11-20,13392
2021-11-21,15819
2021-11-22,16351
2021-11-23,14338
2021-11-24,15018
2021-11-25,15857
2021-11-26,17204
2021-11-27,12922
2021-11-28,15515
2021-11-29,16123
2021-11-30,14213
2021-12-01,14511
2021-12-02,15471
2021-12-03,17164
2021-12-04,13293
2021-12-05,15149
2021-12-06,15619
2021-12-07,13840
2021-12-08,15114
2021-12-09,15553
2021-12-10,16953
2021-12-11,13175
2021-12-12,15496
2021-12-13,16134
2021-12-14,14298
2021-12-15,15509
2021-12-16,16614
2021-12-17,18497
2021-12-18,15286
2021-12-19,16657
2021-12-20,17278
2021-12-21,15983
2021-12-22,17038
2021-12-23,17671
2021-12-24,13427
2021-12-25,8784
2021-12-26,15622
2021-12-27,16753
2021-12-28,15002
2021-12-29,15537
2021-12-30,16022
2021-12-31,13062
2022-01-01,11720
2022-01-02,17157
2022-01-03,16937
2022-01-04,14840
2022-01-05,14564
2022-01-06,14570
2022-01-07,16037
2022-01-08,13933
2022-01-09,15936
2022-01-10,13960
2022-01-11,11916
2022-01-12,11913
2022-01-13,12340
2022-01-14,14157
2022-01-15,11275
2022-01-16,13104
2022-01-17,12837
2022-01-18,11106
2022-01-19,11597
2022-01-20,12342
2022-01-21,14177
2022-01-22,10991
2022-01-23,12884
2022-01-24,12077
2022-01-25,10074
2022-01-26,11327
2022-01-27,12156
2022-01-28,14092
2022-01-29,11050
2022-01-30,13024
2022-01-31,12523
2022-02-01,11803
2022-02-02,12306
2022-02-03,13269
2022-02-04,14933
2022-02-05,12197
2022-02-06,14015
2022-02-07,14122
2022-02-08,12195
2022-02-09,12983
2022-02-10,14229
2022-02-11,16320
2022-02-12,13816
2022-02-13,15029
2022-02-14,14738
2022-02-15,13009
2022-02-16,13476
2022-02-17,14316
2022-02-18,15421
2022-02-19,14368
2022-02-20,15511
2022-02-21,15010
2022-02-22,13476
2022-02-23,14101
2022-02-24,14968
2022-02-25,16837
2022-02-26,14189
2022-02-27,15764
2022-02-28,15828
2022-03-01,14462
2022-03-02,14848
2022-03-03,15824
2022-03-04,17638
2022-03-05,14626
2022-03-06,16309
2022-03-07,16261
2022-03-08,14435
2022-03-09,15030
2022-03-10,16029
2022-03-11,17070
2022-03-12,13945
2022-03-13,16066
2022-03-14,16225
2022-03-15,14755
2022-03-16,15442
2022-03-17,16254
2022-03-18,17751
2022-03-19,14396
2022-03-20,16562
2022-03-21,16572
2022-03-22,14586
2022-03-23,15646
2022-03-24,16556
2022-03-25,17913
2022-03-26,14641
2022-03-27,18127
2022-03-28,18990
2022-03-29,17785
2022-03-30,18219
2022-03-31,18942
2022-04-01,19991
2022-04-02,16798
2022-04-03,18661
2022-04-04,19290
2022-04-05,18070
2022-04-06,19022
2022-04-07,19690
2022-04-08,21092
2022-04-09,18031
2022-04-10,19463
2022-04-11,19764
2022-04-12,18903
2022-04-13,19922
2022-04-14,20487
2022-04-15,19990
2022-04-16,17836
2022-04-17,19030
2022-04-18,20137
2022-04-19,19755
2022-04-20,19792
2022-04-21,20479
2022-04-22,21313
2022-04-23,18167
2022-04-24,20024
2022-04-25,20803
2022-04-26,19659
2022-04-27,20093
2022-04-28,21055
2022-04-29,22199
2022-04-30,18799
2022-05-01,20739
2022-05-02,21457
2022-05-03,20475
2022-05-04,21008
2022-05-05,21797
2022-05-06,22713
2022-05-07,19374
2022-05-08,21297
2022-05-09,21756
2022-05-10,20745
2022-05-11,21175
2022-05-12,22180
2022-05-13,22760
2022-05-14,19320
2022-05-15,21272
2022-05-16,21922
2022-05-17,20374
2022-05-18,21576
2022-05-19,22556
2022-05-20,22841
2022-05-21,19906
2022-05-22,21827
2022-05-23,22262
2022-05-24,21571
2022-05-25,22831
2022-05-26,22217
2022-05-27,22636
2022-05-28,20446
2022-05-29,22928
2022-05-30,23569
2022-05-31,22126
2022-06-01,22994
2022-06-02,23354
2022-06-03,23941
2022-06-04,20707
2022-06-05,21992
2022-06-06,23380
2022-06-07,22868
2022-06-08,22840
2022-06-09,23794
2022-06-10,24533
2022-06-11,21195
2022-06-12,22918
2022-06-13,23968
2022-06-14,23091
2022-06-15,23455
2022-06-16,23802
2022-06-17,24333
2022-06-18,21286
2022-06-19,23288
2022-06-20,23890
2022-06-21,23559
2022-06-22,23729
2022-06-23,24135
2022-06-24,24011
2022-06-25,20871
2022-06-26,22812
2022-06-27,23858
2022-06-28,23351
2022-06-29,23733
2022-06-30,23945
2022-07-01,24807
2022-07-02,21971
2022-07-03,23588
2022-07-04,24262
2022-07-05,23384
2022-07-06,24083
2022-07-07,24301
2022-07-08,24869
2022-07-09,22373
2022-07-10,23386
2022-07-11,24053
2022-07-12,23353
2022-07-13,23608
2022-07-14,23501
2022-07-15,24421
2022-07-16,22225
2022-07-17,22836
2022-07-18,24086
2022-07-19,23406
2022-07-20,23667
2022-07-21,24150
2022-07-22,24592
2022-07-23,22410
2022-07-24,23387
2022-07-25,24082
2022-07-26,23413
2022-07-27,22858
2022-07-28,24089
2022-07-29,24549
2022-07-30,22623
2022-07-31,23687
2022-08-01,24205
2022-08-02,23294
2022-08-03,23561
2022-08-04,23595
2022-08-05,24214
2022-08-06,22257
2022-08-07,23320
2022-08-08,23881
2022-08-09,23046
2022-08-10,23468
2022-08-11,23511
2022-08-12,24314
2022-08-13,22234
2022-08-14,23218
2022-08-15,23547
2022-08-16,23081
2022-08-17,23139
2022-08-18,23764
2022-08-19,24406
2022-08-20,22296
2022-08-21,23520
2022-08-22,24164
2022-08-23,23369
2022-08-24,24006
2022-08-25,24147
2022-08-26,24623
2022-08-27,22210
2022-08-28,23664
2022-08-29,24365
2022-08-30,23748
2022-08-31,24234
2022-09-01,24379
2022-09-02,23995
2022-09-03,21841
2022-09-04,23497
2022-09-05,24350
2022-09-06,23351
2022-09-07,24058
2022-09-08,24138
2022-09-09,24625
2022-09-10,21750
2022-09-11,23486
2022-09-12,24036
2022-09-13,23187
2022-09-14,23673
2022-09-15,24292
2022-09-16,21995
2022-09-17,21626
2022-09-18,23242
2022-09-19,23618
2022-09-20,22947
2022-09-21,23420
2022-09-22,23990
2022-09-23,24508
2022-09-24,20668
2022-09-25,22417
2022-09-26,23318
2022-09-27,22753
2022-09-28,23387
2022-09-29,22902
2022-09-30,24366
2022-10-01,20685
2022-10-02,22588
2022-10-03,23094
2022-10-04,21805
2022-10-05,22081
2022-10-06,22569
2022-10-07,23571
2022-10-08,20297
2022-10-09,22038
2022-10-10,22602
2022-10-11,21705
2022-10-12,22257
2022-10-13,22560
2022-10-14,23466
2022-10-15,20237
2022-10-16,22129
2022-10-17,22312
2022-10-18,21298
2022-10-19,21576
2022-10-20,22440
2022-10-21,21749
2022-10-22,20111
2022-10-23,21332
2022-10-24,22077
2022-10-25,21375
2022-10-26,21897
2022-10-27,22262
2022-10-28,22877
2022-10-29,20021
2022-10-30,20219
2022-10-31,20069
2022-11-01,18156
2022-11-02,18663
2022-11-03,19283
2022-11-04,20481
2022-11-05,17025
2022-11-06,19191
2022-11-07,19580
2022-11-08,17698
2022-11-09,17570
2022-11-10,18871
2022-11-11,19663
2022-11-12,15792
2022-11-13,18320
2022-11-14,18983
2022-11-15,17215
2022-11-16,17595
2022-11-17,18444
2022-11-18,19541
2022-11-19,15429
2022-11-20,17794
2022-11-21,18574
2022-11-22,16731
2022-11-23,17103
2022-11-24,18190
2022-11-25,19476
2022-11-26,15185
2022-11-27,17763
2022-11-28,18639
2022-11-29,16781
2022-11-30,17353
2022-12-01,18254
2022-12-02,19428
2022-12-03,15313
2022-12-04,17654
2022-12-05,18474
2022-12-06,16930
2022-12-07,17521
2022-12-08,18202
2022-12-09,18917
2022-12-10,15574
2022-12-11,17138
2022-12-12,18190
2022-12-13,17265
2022-12-14,17115
2022-12-15,18459
2022-12-16,19344
2022-12-17,16678
2022-12-18,17858
2022-12-19,19003
2022-12-20,18382
2022-12-21,18766
2022-12-22,19627
2022-12-23,20091
2022-12-24,14430
2022-12-25,10983
2022-12-26,17160
2022-12-27,17413
2022-12-28,17491
2022-12-29,17940
2022-12-30,18782
2022-12-31,14262
2023-01-01,15894
2023-01-02,19172
2023-01-03,17807
2023-01-04,17710
2023-01-05,18087
2023-01-06,18678
2023-01-07,16600
2023-01-08,18321
2023-01-09,17987
2023-01-10,15967
2023-01-11,16072
2023-01-12,17004
2023-01-13,18354
2023-01-14,15122
2023-01-15,17134
2023-01-16,17377
2023-01-17,15380
2023-01-18,15825
2023-01-19,16537
2023-01-20,18650
2023-01-21,15075
2023-01-22,16920
2023-01-23,17374
2023-01-24,15388
2023-01-25,15717
2023-01-26,16972
2023-01-27,18133
2023-01-28,15077
2023-01-29,17027
2023-01-30,17498
2023-01-31,15236
2023-02-01,16238
2023-02-02,17165
2023-02-03,18854
2023-02-04,15539
2023-02-05,17379
2023-02-06,17892
2023-02-07,15769
2023-02-08,16507
2023-02-09,17805
2023-02-10,19854
2023-02-11,16473
2023-02-12,18266
2023-02-13,18633
2023-02-14,16761
2023-02-15,17458
2023-02-16,18213
2023-02-17,18258
2023-02-18,17465
2023-02-19,18856
2023-02-20,19020
2023-02-21,17104
2023-02-22,17726
2023-02-23,18547
2023-02-24,20017
2023-02-25,16962
2023-02-26,18722
2023-02-27,18802
2023-02-28,17222
2023-03-01,17992
2023-03-02,18765
2023-03-03,20141
2023-03-04,16951
2023-03-05,18709
2023-03-06,19116
2023-03-07,16484
2023-03-08,17056
2023-03-09,18375
2023-03-10,19116
2023-03-11,16623
2023-03-12,18710
2023-03-13,18913
2023-03-14,17688
2023-03-15,18177
2023-03-16,18863
2023-03-17,19939
2023-03-18,16885
2023-03-19,19019
2023-03-20,19514
2023-03-21,17691
2023-03-22,18151
2023-03-23,18788
2023-03-24,19913
2023-03-25,16509
2023-03-26,18972
2023-03-27,18334
2023-03-28,19687
2023-03-29,20480
2023-03-30,21137
2023-03-31,21524
2023-04-01,18929
2023-04-02,20050
2023-04-03,21458
2023-04-04,20658
2023-04-05,21393
2023-04-06,21296
2023-04-07,20939
2023-04-08,18805
2023-04-09,20106
2023-04-10,21205
2023-04-11,21038
2023-04-12,21096
2023-04-13,21833
2023-04-14,22755
2023-04-15,19714
2023-04-16,21294
2023-04-17,22387
2023-04-18,21676
2023-04-19,21970
2023-04-20,22426
2023-04-21,22555
2023-04-22,19735
2023-04-23,21740
2023-04-24,22439
2023-04-25,21602
2023-04-26,22272
2023-04-27,23135
2023-04-28,23770
2023-04-29,20048
2023-04-30,21488
2023-05-01,20999
2023-05-02,22109
2023-05-03,22538
2023-05-04,23402
2023-05-05,23773
2023-05-06,20409
2023-05-07,22246
2023-05-08,23111
2023-05-09,22586
2023-05-10,23006
2023-05-11,23484
2023-05-12,24151
2023-05-13,20832
2023-05-14,22632
2023-05-15,23444
2023-05-16,22562
2023-05-17,22997
2023-05-18,22842
2023-05-19,22550
2023-05-20,20897
2023-05-21,23298
2023-05-22,23810
2023-05-23,23031
2023-05-24,23665
2023-05-25,24223
2023-05-26,24901
2023-05-27,21828
2023-05-28,22746
2023-05-29,23860
2023-05-30,23497
2023-05-31,24006
2023-06-01,24751
2023-06-02,25054
2023-06-03,22116
2023-06-04,23648
2023-06-05,24677
2023-06-06,23079
2023-06-07,24657
2023-06-08,24938
2023-06-09,25486
2023-06-10,22544
2023-06-11,24380
2023-06-12,24994
2023-06-13,24384
2023-06-14,24832
2023-06-15,25664
2023-06-16,26195
2023-06-17,22753
2023-06-18,24218
2023-06-19,25511
2023-06-20,24245
2023-06-21,25333
2023-06-22,25364
2023-06-23,25994
2023-06-24,23120
2023-06-25,24819
2023-06-26,25806
2023-06-27,25202
2023-06-28,25488
2023-06-29,25719
2023-06-30,26196
2023-07-01,23869
2023-07-02,25398
2023-07-03,25992
2023-07-04,25127
2023-07-05,25313
2023-07-06,26119
2023-07-07,26616
2023-07-08,23676
2023-07-09,25142
2023-07-10,26073
2023-07-11,24882
2023-07-12,25428
2023-07-13,25970
2023-07-14,26117
2023-07-15,22914
2023-07-16,25366
2023-07-17,25799
2023-07-18,25041
2023-07-19,25434
2023-07-20,25972
2023-07-21,26048
2023-07-22,23812
2023-07-23,25117
2023-07-24,25322
2023-07-25,24834
2023-07-26,25525
2023-07-27,25809
2023-07-28,26210
2023-07-29,23685
2023-07-30,25155
2023-07-31,25708
2023-08-01,24999
2023-08-02,25178
2023-08-03,25455
2023-08-04,25879
2023-08-05,23745
2023-08-06,24938
2023-08-07,25683
2023-08-08,24701
2023-08-09,25122
2023-08-10,25389
2023-08-11,26003
2023-08-12,23787
2023-08-13,24990
2023-08-14,24991
2023-08-15,24276
2023-08-16,24794
2023-08-17,25163
2023-08-18,25822
2023-08-19,23712
2023-08-20,25262
2023-08-21,25772
2023-08-22,25020
2023-08-23,25489
2023-08-24,25298
2023-08-25,26028
2023-08-26,23493
2023-08-27,24682
2023-08-28,24241
2023-08-29,25450
2023-08-30,26069
2023-08-31,26239
2023-09-01,26556
2023-09-02,23412
2023-09-03,25390
2023-09-04,25909
2023-09-05,25045
2023-09-06,25402
2023-09-07,26062
2023-09-08,26008
2023-09-09,23070
2023-09-10,25108
2023-09-11,25794
2023-09-12,24933
2023-09-13,25474
2023-09-14,25987
2023-09-15,26282
2023-09-16,22794
2023-09-17,24658
2023-09-18,25472
2023-09-19,24853
2023-09-20,25433
2023-09-21,25592
2023-09-22,26245
2023-09-23,22713
2023-09-24,24416
2023-09-25,25079
2023-09-26,24773
2023-09-27,25302
2023-09-28,25788
2023-09-29,25887
2023-09-30,22749
2023-10-01,24522
2023-10-02,24860
2023-10-03,24051
2023-10-04,24601
2023-10-05,25051
2023-10-06,25686
2023-10-07,22249
2023-10-08,23954
2023-10-09,24475
2023-10-10,23566
2023-10-11,23932
2023-10-12,24447
2023-10-13,24252
2023-10-14,21867
2023-10-15,23637
2023-10-16,24489
2023-10-17,23189
2023-10-18,23417
2023-10-19,23811
2023-10-20,24218
2023-10-21,21515
2023-10-22,23176
2023-10-23,23583
2023-10-24,22874
2023-10-25,23436
2023-10-26,23748
2023-10-27,24568
2023-10-28,21350
2023-10-29,21633
2023-10-30,21808
2023-10-31,20387
2023-11-01,19516
2023-11-02,19620
2023-11-03,21824
2023-11-04,18419
2023-11-05,20601
2023-11-06,21380
2023-11-07,18418
2023-11-08,18991
2023-11-09,19687
2023-11-10,21160
2023-11-11,16946
2023-11-12,19521
2023-11-13,20177
2023-11-14,18019
2023-11-15,18636
2023-11-16,19472
2023-11-17,21115
2023-11-18,16627
2023-11-19,19077
2023-11-20,19763
2023-11-21,17761
2023-11-22,18149
2023-11-23,19238
2023-11-24,20347
2023-11-25,16489
2023-11-26,19185
2023-11-27,19999
2023-11-28,17482
2023-11-29,18290
2023-11-30,18885
2023-12-01,20374
2023-12-02,15557
2023-12-03,18475
2023-12-04,19385
2023-12-05,17370
2023-12-06,18047
2023-12-07,18824
2023-12-08,20254
2023-12-09,16609
2023-12-10,19362
2023-12-11,20206
2023-12-12,18027
2023-12-13,18694
2023-12-14,19689
2023-12-15,21665
2023-12-16,17847
2023-12-17,19572
2023-12-18,20439
2023-12-19,19580
2023-12-20,20234
2023-12-21,20152
2023-12-22,21518
2023-12-23,18922
2023-12-24,15653
2023-12-25,11601
2023-12-26,17202
2023-12-27,18970
2023-12-28,19641
2023-12-29,20597
2023-12-30,18110
2023-12-31,16211
2024-01-01,17117
2024-01-02,18985
2024-01-03,19056
2024-01-04,19450
2024-01-05,20355
2024-01-06,18061
2024-01-07,19686
2024-01-08,19390
2024-01-09,16497
2024-01-10,16618
2024-01-11,17359
2024-01-12,19360
2024-01-13,15852
2024-01-14,18036
2024-01-15,18195
2024-01-16,15688
2024-01-17,15089
2024-01-18,16863
2024-01-19,19325
2024-01-20,15896
2024-01-21,17353
2024-01-22,18372
2024-01-23,16058
2024-01-24,16486
2024-01-25,17571
2024-01-26,19295
2024-01-27,15921
2024-01-28,18088
2024-01-29,18202
2024-01-30,16205
2024-01-31,16645
2024-02-01,16992
2024-02-02,19485
2024-02-03,16271
2024-02-04,18412
2024-02-05,19120
2024-02-06,16662
2024-02-07,16401
2024-02-08,18416
2024-02-09,20534
2024-02-10,17590
2024-02-11,18991
2024-02-12,19572
2024-02-13,17297
2024-02-14,17978
2024-02-15,19449
2024-02-16,21141
2024-02-17,18091
2024-02-18,19921
2024-02-19,20036
2024-02-20,16798
2024-02-21,18174
2024-02-22,19121
2024-02-23,20775
2024-02-24,17885
2024-02-25,19817
2024-02-26,20265
2024-02-27,17837
2024-02-28,18501
2024-02-29,19539
2024-03-01,21162
2024-03-02,18030
2024-03-03,19990
2024-03-04,20830
2024-03-05,18412
2024-03-06,18824
2024-03-07,19160
2024-03-08,20515
2024-03-09,17682
2024-03-10,20013
2024-03-11,20942
2024-03-12,18064
2024-03-13,18524
2024-03-14,20020
2024-03-15,21818
2024-03-16,18103
2024-03-17,20214
2024-03-18,21032
2024-03-19,18715
2024-03-20,19363
2024-03-21,20393
2024-03-22,22226
2024-03-23,18603
2024-03-24,20005
2024-03-25,21033
2024-03-26,19289
2024-03-27,20208
2024-03-28,20585
2024-03-29,20857
2024-03-30,18466
2024-03-31,21157
2024-04-01,22144
2024-04-02,22059
2024-04-03,22261
2024-04-04,22799
2024-04-05,23592
2024-04-06,20557
2024-04-07,22682
2024-04-08,23279
2024-04-09,22370
2024-04-10,22964
2024-04-11,23677
2024-04-12,24002
2024-04-13,20837
2024-04-14,22564
2024-04-15,23283
2024-04-16,22602
2024-04-17,23110
2024-04-18,23831
2024-04-19,24310
2024-04-20,20808
2024-04-21,22878
2024-04-22,23704
2024-04-23,22702
2024-04-24,23466
2024-04-25,21882
2024-04-26,24711
2024-04-27,21332
2024-04-28,23001
2024-04-29,23834
2024-04-30,23245
2024-05-01,22650
2024-05-02,23867
2024-05-03,24799
2024-05-04,21969
2024-05-05,23775
2024-05-06,24437
2024-05-07,23978
2024-05-08,24472
2024-05-09,24026
2024-05-10,24399
2024-05-11,22130
2024-05-12,24577
2024-05-13,25058
2024-05-14,24079
2024-05-15,24669
2024-05-16,25070
2024-05-17,25332
2024-05-18,22493
2024-05-19,23993
2024-05-20,24721
2024-05-21,24332
2024-05-22,24921
2024-05-23,25843
2024-05-24,26167
2024-05-25,22888
2024-05-26,24598
2024-05-27,25806
2024-05-28,24777
2024-05-29,25481
2024-05-30,25785
2024-05-31,26270
2024-06-01,23617
2024-06-02,25720
2024-06-03,26247
2024-06-04,25404
2024-06-05,26004
2024-06-06,26327
2024-06-07,26758
2024-06-08,23505
2024-06-09,25394
2024-06-10,26671
2024-06-11,25591
2024-06-12,26466
2024-06-13,26880
2024-06-14,27590
2024-06-15,24295
2024-06-16,26190
2024-06-17,26783
2024-06-18,26011
2024-06-19,26799
2024-06-20,27175
2024-06-21,27147
2024-06-22,24310
2024-06-23,26291
2024-06-24,26987
2024-06-25,26219
2024-06-26,26223
2024-06-27,26624
2024-06-28,27330
2024-06-29,24217
2024-06-30,26290
2024-07-01,26932
2024-07-02,26455
2024-07-03,26896
2024-07-04,27113
2024-07-05,27378
2024-07-06,24777
2024-07-07,26433
2024-07-08,26871
2024-07-09,26160
2024-07-10,26625
2024-07-11,27054
2024-07-12,26857
2024-07-13,25159
2024-07-14,26565
2024-07-15,27345
2024-07-16,26276
2024-07-17,26785
2024-07-18,26925
2024-07-19,25700
2024-07-20,24912
2024-07-21,25928
2024-07-22,27025
2024-07-23,26133
2024-07-24,26759
2024-07-25,26998
2024-07-26,26719
2024-07-27,25029
2024-07-28,26547
2024-07-29,26744
2024-07-30,26058
2024-07-31,26412
2024-08-01,26364
2024-08-02,27203
2024-08-03,25128
2024-08-04,26157
2024-08-05,26785
2024-08-06,25860
2024-08-07,25975
2024-08-08,26549
2024-08-09,27031
2024-08-10,24988
2024-08-11,26059
2024-08-12,26556
2024-08-13,25417
2024-08-14,25774
2024-08-15,25760
2024-08-16,26814
2024-08-17,24695
2024-08-18,25952
2024-08-19,26786
2024-08-20,25999
2024-08-21,26385
2024-08-22,26767
2024-08-23,27320
2024-08-24,24594
2024-08-25,26283
2024-08-26,26808
2024-08-27,26070
2024-08-28,26722
2024-08-29,26987
2024-08-30,27429
2024-08-31,24803
2024-09-01,26558
2024-09-02,27034
2024-09-03,26176
2024-09-04,26456
2024-09-05,26771
2024-09-06,27349
2024-09-07,24076
2024-09-08,25867
2024-09-09,26908
2024-09-10,25813
2024-09-11,26388
2024-09-12,26611
2024-09-13,27028
2024-09-14,24004
2024-09-15,26012
2024-09-16,26703
2024-09-17,25995
2024-09-18,26359
2024-09-19,26808
2024-09-20,27116
2024-09-21,23720
2024-09-22,25846
2024-09-23,26395
2024-09-24,25365
2024-09-25,26191
2024-09-26,26524
2024-09-27,26953
2024-09-28,23675
2024-09-29,25715
2024-09-30,26322
2024-10-01,24776
2024-10-02,25346
2024-10-03,25303
2024-10-04,25716
2024-10-05,23127
2024-10-06,25027
2024-10-07,25532
2024-10-08,24313
2024-10-09,24776
2024-10-10,25321
2024-10-11,26014
2024-10-12,22526
2024-10-13,24798
2024-10-14,25267
2024-10-15,24493
2024-10-16,24673
2024-10-17,24977
2024-10-18,25796
2024-10-19,22788
2024-10-20,24094
2024-10-21,25157
2024-10-22,24305
2024-10-23,24468
2024-10-24,24939
2024-10-25,25671
2024-10-26,22533
2024-10-27,22818
2024-10-28,23075
2024-10-29,21252
2024-10-30,22050
2024-10-31,22550
2024-11-01,22422
2024-11-02,20001
2024-11-03,22491
2024-11-04,22235
2024-11-05,19229
2024-11-06,19490
2024-11-07,20807
2024-11-08,22158
2024-11-09,18224
2024-11-10,20516
2024-11-11,21135
2024-11-12,18701
2024-11-13,18941
2024-11-14,20480
2024-11-15,22214
2024-11-16,17616
2024-11-17,20437
2024-11-18,21254
2024-11-19,18160
2024-11-20,18681
2024-11-21,19654
2024-11-22,21498
2024-11-23,17390
2024-11-24,19757
2024-11-25,21027
2024-11-26,18292
2024-11-27,18646
2024-11-28,20195
2024-11-29,21369
2024-11-30,17364
2024-12-01,19999
2024-12-02,20883
2024-12-03,18313
2024-12-04,18897
2024-12-05,19943
2024-12-06,21275
2024-12-07,16725
2024-12-08,19831
2024-12-09,21228
2024-12-10,18638
2024-12-11,19173
2024-12-12,20435
2024-12-13,22165
2024-12-14,18271
2024-12-15,20271
2024-12-16,21547
2024-12-17,19099
2024-12-18,19828
2024-12-19,22004
2024-12-20,23229
2024-12-21,19927
2024-12-22,20965
2024-12-23,21297
2024-12-24,15721
2024-12-25,11664
2024-12-26,18749
2024-12-27,20885
2024-12-28,19049
2024-12-29,20315
2024-12-30,20665
2024-12-31,16582
