,FLT_ARR_1,FLT_DATE
114,16,2016-01-01
359,21,2016-01-02
611,20,2016-01-03
868,23,2016-01-04
1120,19,2016-01-05
1378,23,2016-01-06
1635,20,2016-01-07
1894,20,2016-01-08
2150,17,2016-01-09
2405,15,2016-01-10
2661,19,2016-01-11
2917,16,2016-01-12
3180,15,2016-01-13
3445,21,2016-01-14
3710,19,2016-01-15
3970,16,2016-01-16
4222,13,2016-01-17
4484,19,2016-01-18
4745,16,2016-01-19
5006,14,2016-01-20
5268,21,2016-01-21
5529,22,2016-01-22
5793,17,2016-01-23
6049,12,2016-01-24
6314,19,2016-01-25
6574,17,2016-01-26
6843,14,2016-01-27
7107,18,2016-01-28
7374,20,2016-01-29
7637,17,2016-01-30
7892,12,2016-01-31
8154,19,2016-02-01
8414,17,2016-02-02
8681,16,2016-02-03
8945,20,2016-02-04
9210,19,2016-02-05
9469,18,2016-02-06
9724,15,2016-02-07
9982,19,2016-02-08
10241,19,2016-02-09
10504,18,2016-02-10
10768,20,2016-02-11
11031,20,2016-02-12
11291,18,2016-02-13
11546,16,2016-02-14
11804,18,2016-02-15
12068,18,2016-02-16
12333,16,2016-02-17
12596,19,2016-02-18
12861,20,2016-02-19
13125,18,2016-02-20
13387,15,2016-02-21
13651,19,2016-02-22
13918,20,2016-02-23
14183,16,2016-02-24
14448,20,2016-02-25
14714,19,2016-02-26
14979,19,2016-02-27
15237,17,2016-02-28
15497,20,2016-02-29
15756,16,2016-03-01
16019,17,2016-03-02
16287,19,2016-03-03
16549,19,2016-03-04
16811,18,2016-03-05
17064,15,2016-03-06
17326,19,2016-03-07
17586,17,2016-03-08
17849,21,2016-03-09
18114,20,2016-03-10
18380,19,2016-03-11
18649,18,2016-03-12
18909,14,2016-03-13
19174,19,2016-03-14
19438,16,2016-03-15
19697,20,2016-03-16
19964,19,2016-03-17
20229,20,2016-03-18
20494,19,2016-03-19
20748,18,2016-03-20
21010,22,2016-03-21
21268,16,2016-03-22
21530,23,2016-03-23
21796,23,2016-03-24
22064,24,2016-03-25
22320,20,2016-03-26
22571,20,2016-03-27
22830,23,2016-03-28
23091,23,2016-03-29
23356,24,2016-03-30
23623,29,2016-03-31
23885,24,2016-04-01
24151,20,2016-04-02
24412,20,2016-04-03
24673,25,2016-04-04
24937,21,2016-04-05
25200,24,2016-04-06
25462,26,2016-04-07
25728,23,2016-04-08
25992,17,2016-04-09
26251,26,2016-04-10
26515,23,2016-04-11
26780,21,2016-04-12
27048,21,2016-04-13
27315,27,2016-04-14
27587,24,2016-04-15
27852,20,2016-04-16
28113,25,2016-04-17
28380,26,2016-04-18
28648,22,2016-04-19
28915,22,2016-04-20
29183,23,2016-04-21
29453,26,2016-04-22
29719,23,2016-04-23
29981,21,2016-04-24
30245,24,2016-04-25
30518,22,2016-04-26
30787,25,2016-04-27
31056,29,2016-04-28
31323,28,2016-04-29
31594,24,2016-04-30
31856,25,2016-05-01
32125,24,2016-05-02
32395,27,2016-05-03
32664,28,2016-05-04
32934,27,2016-05-05
33203,25,2016-05-06
33470,29,2016-05-07
33731,26,2016-05-08
33996,26,2016-05-09
34265,27,2016-05-10
34535,27,2016-05-11
34802,29,2016-05-12
35069,26,2016-05-13
35334,30,2016-05-14
35591,26,2016-05-15
35859,27,2016-05-16
36127,23,2016-05-17
36396,21,2016-05-18
36666,23,2016-05-19
36939,24,2016-05-20
37209,29,2016-05-21
37471,27,2016-05-22
37737,28,2016-05-23
38006,23,2016-05-24
38274,23,2016-05-25
38546,24,2016-05-26
38813,26,2016-05-27
39082,36,2016-05-28
39348,27,2016-05-29
39616,26,2016-05-30
39887,24,2016-05-31
40153,28,2016-06-01
40423,24,2016-06-02
40693,27,2016-06-03
40961,34,2016-06-04
41223,32,2016-06-05
41488,27,2016-06-06
41753,26,2016-06-07
42017,29,2016-06-08
42285,25,2016-06-09
42552,27,2016-06-10
42818,34,2016-06-11
43078,32,2016-06-12
43347,29,2016-06-13
43614,26,2016-06-14
43882,28,2016-06-15
44154,28,2016-06-16
44422,22,2016-06-17
44691,36,2016-06-18
44954,34,2016-06-19
45224,27,2016-06-20
45490,30,2016-06-21
45760,27,2016-06-22
46027,28,2016-06-23
46296,28,2016-06-24
46566,33,2016-06-25
46830,38,2016-06-26
47097,31,2016-06-27
47362,29,2016-06-28
47627,29,2016-06-29
47895,25,2016-06-30
48163,31,2016-07-01
48429,38,2016-07-02
48688,34,2016-07-03
48955,28,2016-07-04
49223,25,2016-07-05
49489,30,2016-07-06
49757,28,2016-07-07
50024,34,2016-07-08
50290,39,2016-07-09
50555,37,2016-07-10
50824,31,2016-07-11
51092,30,2016-07-12
51358,33,2016-07-13
51626,28,2016-07-14
51896,36,2016-07-15
52160,41,2016-07-16
52425,33,2016-07-17
52690,25,2016-07-18
52959,28,2016-07-19
53225,32,2016-07-20
53494,26,2016-07-21
53762,35,2016-07-22
54025,40,2016-07-23
54285,37,2016-07-24
54548,31,2016-07-25
54816,29,2016-07-26
55085,35,2016-07-27
55353,26,2016-07-28
55621,31,2016-07-29
55886,40,2016-07-30
56146,33,2016-07-31
56407,33,2016-08-01
56673,27,2016-08-02
56940,33,2016-08-03
57205,28,2016-08-04
57468,32,2016-08-05
57736,41,2016-08-06
57990,34,2016-08-07
58255,31,2016-08-08
58523,30,2016-08-09
58788,36,2016-08-10
59052,28,2016-08-11
59321,37,2016-08-12
59589,48,2016-08-13
59846,38,2016-08-14
60109,39,2016-08-15
60374,29,2016-08-16
60640,38,2016-08-17
60905,29,2016-08-18
61173,38,2016-08-19
61439,43,2016-08-20
61699,35,2016-08-21
61964,32,2016-08-22
62232,34,2016-08-23
62499,35,2016-08-24
62767,27,2016-08-25
63037,32,2016-08-26
63301,40,2016-08-27
63561,37,2016-08-28
63825,29,2016-08-29
64090,29,2016-08-30
64358,38,2016-08-31
64627,29,2016-09-01
64897,40,2016-09-02
65160,41,2016-09-03
65422,36,2016-09-04
65687,33,2016-09-05
65955,32,2016-09-06
66222,27,2016-09-07
66491,28,2016-09-08
66759,29,2016-09-09
67025,36,2016-09-10
67287,35,2016-09-11
67553,26,2016-09-12
67819,30,2016-09-13
68089,28,2016-09-14
68358,31,2016-09-15
68628,26,2016-09-16
68896,33,2016-09-17
69158,39,2016-09-18
69424,26,2016-09-19
69693,28,2016-09-20
69958,27,2016-09-21
70226,25,2016-09-22
70494,28,2016-09-23
70758,35,2016-09-24
71015,28,2016-09-25
71280,29,2016-09-26
71548,29,2016-09-27
71813,27,2016-09-28
72081,28,2016-09-29
72346,27,2016-09-30
72612,30,2016-10-01
72874,30,2016-10-02
73142,27,2016-10-03
73408,25,2016-10-04
73677,24,2016-10-05
73946,23,2016-10-06
74213,24,2016-10-07
74478,27,2016-10-08
74740,25,2016-10-09
75007,24,2016-10-10
75274,24,2016-10-11
75538,26,2016-10-12
75803,30,2016-10-13
76072,25,2016-10-14
76338,26,2016-10-15
76595,25,2016-10-16
76861,24,2016-10-17
77124,25,2016-10-18
77389,27,2016-10-19
77653,25,2016-10-20
77918,27,2016-10-21
78184,26,2016-10-22
78444,24,2016-10-23
78713,25,2016-10-24
78973,24,2016-10-25
79239,25,2016-10-26
79506,23,2016-10-27
79772,26,2016-10-28
80036,27,2016-10-29
80301,15,2016-10-30
80562,19,2016-10-31
80829,20,2016-11-01
81093,23,2016-11-02
81359,19,2016-11-03
81626,20,2016-11-04
81890,17,2016-11-05
82150,15,2016-11-06
82409,21,2016-11-07
82671,16,2016-11-08
82936,14,2016-11-09
83202,18,2016-11-10
83461,23,2016-11-11
83719,15,2016-11-12
83973,15,2016-11-13
84235,21,2016-11-14
84501,17,2016-11-15
84769,15,2016-11-16
85033,20,2016-11-17
85300,23,2016-11-18
85564,16,2016-11-19
85821,15,2016-11-20
86084,19,2016-11-21
86344,18,2016-11-22
86613,17,2016-11-23
86874,21,2016-11-24
87142,23,2016-11-25
87404,16,2016-11-26
87655,15,2016-11-27
87915,20,2016-11-28
88180,17,2016-11-29
88444,16,2016-11-30
88708,21,2016-12-01
88975,22,2016-12-02
89235,15,2016-12-03
89490,15,2016-12-04
89753,20,2016-12-05
90021,17,2016-12-06
90286,15,2016-12-07
90550,16,2016-12-08
90817,22,2016-12-09
91080,15,2016-12-10
91335,17,2016-12-11
91599,19,2016-12-12
91865,19,2016-12-13
92125,17,2016-12-14
92391,19,2016-12-15
92658,21,2016-12-16
92919,17,2016-12-17
93170,16,2016-12-18
93430,21,2016-12-19
93688,19,2016-12-20
93949,17,2016-12-21
94211,19,2016-12-22
94472,25,2016-12-23
94725,15,2016-12-24
94949,6,2016-12-25
95186,17,2016-12-26
95440,18,2016-12-27
95698,15,2016-12-28
95953,17,2016-12-29
96213,24,2016-12-30
96470,14,2016-12-31
96709,15,2017-01-01
96962,26,2017-01-02
97222,19,2017-01-03
97484,19,2017-01-04
97745,19,2017-01-05
98007,25,2017-01-06
98259,2,2017-01-07
98507,17,2017-01-08
98771,18,2017-01-09
99036,16,2017-01-10
99301,16,2017-01-11
99566,19,2017-01-12
99829,21,2017-01-13
100085,15,2017-01-14
100340,14,2017-01-15
100602,18,2017-01-16
100863,17,2017-01-17
101126,15,2017-01-18
101390,19,2017-01-19
101657,21,2017-01-20
101920,15,2017-01-21
102174,14,2017-01-22
102438,19,2017-01-23
102702,17,2017-01-24
102964,13,2017-01-25
103227,19,2017-01-26
103494,20,2017-01-27
103755,14,2017-01-28
104014,12,2017-01-29
104279,21,2017-01-30
104542,16,2017-01-31
104804,13,2017-02-01
105064,20,2017-02-02
105328,20,2017-02-03
105584,15,2017-02-04
105831,14,2017-02-05
106089,19,2017-02-06
106354,15,2017-02-07
106617,15,2017-02-08
106878,19,2017-02-09
107143,20,2017-02-10
107403,17,2017-02-11
107652,15,2017-02-12
107916,22,2017-02-13
108176,18,2017-02-14
108445,18,2017-02-15
108709,20,2017-02-16
108975,26,2017-02-17
109244,17,2017-02-18
109499,14,2017-02-19
109763,21,2017-02-20
110028,19,2017-02-21
110294,20,2017-02-22
110558,14,2017-02-23
110823,23,2017-02-24
111086,15,2017-02-25
111343,15,2017-02-26
111605,22,2017-02-27
111863,18,2017-02-28
112125,19,2017-03-01
112387,18,2017-03-02
112654,20,2017-03-03
112914,17,2017-03-04
113172,14,2017-03-05
113433,20,2017-03-06
113695,16,2017-03-07
113959,17,2017-03-08
114223,18,2017-03-09
114491,21,2017-03-10
114753,17,2017-03-11
115013,15,2017-03-12
115275,23,2017-03-13
115536,18,2017-03-14
115804,18,2017-03-15
116073,20,2017-03-16
116341,22,2017-03-17
116604,19,2017-03-18
116862,15,2017-03-19
117126,16,2017-03-20
117393,18,2017-03-21
117656,19,2017-03-22
117924,20,2017-03-23
118190,25,2017-03-24
118453,17,2017-03-25
118709,19,2017-03-26
118973,26,2017-03-27
119237,21,2017-03-28
119505,19,2017-03-29
119771,20,2017-03-30
120038,26,2017-03-31
120299,22,2017-04-01
120558,18,2017-04-02
120825,24,2017-04-03
121090,20,2017-04-04
121353,13,2017-04-05
121620,19,2017-04-06
121888,25,2017-04-07
122155,26,2017-04-08
122416,23,2017-04-09
122683,27,2017-04-10
122950,24,2017-04-11
123213,21,2017-04-12
123483,21,2017-04-13
123748,24,2017-04-14
124015,21,2017-04-15
124274,18,2017-04-16
124539,23,2017-04-17
124803,22,2017-04-18
125065,20,2017-04-19
125332,20,2017-04-20
125600,23,2017-04-21
125863,26,2017-04-22
126124,18,2017-04-23
126389,22,2017-04-24
126657,22,2017-04-25
126923,22,2017-04-26
127186,19,2017-04-27
127451,21,2017-04-28
127717,24,2017-04-29
127975,19,2017-04-30
128239,24,2017-05-01
128504,22,2017-05-02
128772,27,2017-05-03
129037,25,2017-05-04
129303,22,2017-05-05
129566,28,2017-05-06
129825,22,2017-05-07
130093,23,2017-05-08
130360,24,2017-05-09
130627,21,2017-05-10
130896,20,2017-05-11
131167,24,2017-05-12
131435,33,2017-05-13
131697,23,2017-05-14
131964,28,2017-05-15
132233,25,2017-05-16
132500,24,2017-05-17
132767,29,2017-05-18
133036,24,2017-05-19
133303,29,2017-05-20
133566,22,2017-05-21
133834,23,2017-05-22
134103,27,2017-05-23
134374,27,2017-05-24
134642,23,2017-05-25
134912,29,2017-05-26
135175,35,2017-05-27
135440,24,2017-05-28
135708,25,2017-05-29
135976,26,2017-05-30
136243,28,2017-05-31
136511,24,2017-06-01
136781,26,2017-06-02
137048,34,2017-06-03
137310,30,2017-06-04
137571,25,2017-06-05
137840,32,2017-06-06
138112,25,2017-06-07
138381,22,2017-06-08
138649,29,2017-06-09
138918,36,2017-06-10
139181,34,2017-06-11
139450,23,2017-06-12
139719,30,2017-06-13
139984,27,2017-06-14
140253,27,2017-06-15
140521,30,2017-06-16
140788,38,2017-06-17
141051,34,2017-06-18
141322,27,2017-06-19
141590,29,2017-06-20
141856,30,2017-06-21
142123,27,2017-06-22
142391,33,2017-06-23
142658,38,2017-06-24
142920,33,2017-06-25
143180,31,2017-06-26
143449,29,2017-06-27
143717,29,2017-06-28
143986,27,2017-06-29
144251,35,2017-06-30
144515,43,2017-07-01
144777,33,2017-07-02
145044,29,2017-07-03
145316,29,2017-07-04
145586,30,2017-07-05
145855,25,2017-07-06
146127,33,2017-07-07
146395,40,2017-07-08
146655,34,2017-07-09
146923,29,2017-07-10
147193,30,2017-07-11
147462,32,2017-07-12
147733,31,2017-07-13
148001,30,2017-07-14
148268,44,2017-07-15
148534,35,2017-07-16
148802,28,2017-07-17
149072,33,2017-07-18
149343,30,2017-07-19
149610,31,2017-07-20
149879,30,2017-07-21
150145,44,2017-07-22
150410,34,2017-07-23
150677,32,2017-07-24
150943,34,2017-07-25
151208,33,2017-07-26
151477,25,2017-07-27
151746,33,2017-07-28
152010,43,2017-07-29
152270,32,2017-07-30
152536,34,2017-07-31
152801,34,2017-08-01
153066,36,2017-08-02
153330,30,2017-08-03
153600,36,2017-08-04
153868,42,2017-08-05
154132,33,2017-08-06
154400,34,2017-08-07
154666,36,2017-08-08
154927,35,2017-08-09
155191,29,2017-08-10
155458,38,2017-08-11
155721,43,2017-08-12
155982,38,2017-08-13
156246,36,2017-08-14
156507,35,2017-08-15
156770,38,2017-08-16
157037,28,2017-08-17
157306,37,2017-08-18
157574,41,2017-08-19
157835,36,2017-08-20
158100,36,2017-08-21
158368,37,2017-08-22
158634,32,2017-08-23
158901,30,2017-08-24
159169,33,2017-08-25
159434,38,2017-08-26
159700,31,2017-08-27
159970,32,2017-08-28
160239,34,2017-08-29
160507,32,2017-08-30
160775,29,2017-08-31
161044,31,2017-09-01
161309,40,2017-09-02
161567,31,2017-09-03
161836,27,2017-09-04
162105,28,2017-09-05
162371,28,2017-09-06
162642,27,2017-09-07
162909,27,2017-09-08
163177,40,2017-09-09
163441,29,2017-09-10
163705,26,2017-09-11
163972,30,2017-09-12
164237,27,2017-09-13
164508,23,2017-09-14
164779,27,2017-09-15
165044,36,2017-09-16
165308,30,2017-09-17
165577,25,2017-09-18
165844,30,2017-09-19
166112,27,2017-09-20
166383,24,2017-09-21
166656,29,2017-09-22
166923,35,2017-09-23
167188,26,2017-09-24
167459,22,2017-09-25
167729,26,2017-09-26
167998,26,2017-09-27
168269,25,2017-09-28
168539,26,2017-09-29
168807,33,2017-09-30
169069,23,2017-10-01
169336,22,2017-10-02
169606,24,2017-10-03
169872,24,2017-10-04
170138,22,2017-10-05
170407,22,2017-10-06
170675,28,2017-10-07
170937,25,2017-10-08
171210,23,2017-10-09
171480,23,2017-10-10
171748,22,2017-10-11
172015,23,2017-10-12
172286,24,2017-10-13
172554,29,2017-10-14
172816,22,2017-10-15
173084,27,2017-10-16
173353,22,2017-10-17
173623,26,2017-10-18
173891,29,2017-10-19
174156,25,2017-10-20
174424,27,2017-10-21
174682,23,2017-10-22
174949,23,2017-10-23
175215,19,2017-10-24
175483,25,2017-10-25
175753,20,2017-10-26
176024,25,2017-10-27
176290,26,2017-10-28
176551,17,2017-10-29
176819,18,2017-10-30
177084,22,2017-10-31
177352,16,2017-11-01
177619,21,2017-11-02
177889,20,2017-11-03
178153,20,2017-11-04
178418,17,2017-11-05
178682,20,2017-11-06
178947,19,2017-11-07
179212,18,2017-11-08
179480,18,2017-11-09
179746,20,2017-11-10
180007,17,2017-11-11
180267,17,2017-11-12
180529,17,2017-11-13
180793,18,2017-11-14
181057,17,2017-11-15
181320,17,2017-11-16
181587,20,2017-11-17
181852,18,2017-11-18
182112,16,2017-11-19
182375,21,2017-11-20
182644,17,2017-11-21
182910,16,2017-11-22
183180,17,2017-11-23
183449,20,2017-11-24
183710,18,2017-11-25
183967,16,2017-11-26
184228,17,2017-11-27
184492,16,2017-11-28
184756,18,2017-11-29
185020,18,2017-11-30
185286,22,2017-12-01
185548,16,2017-12-02
185806,16,2017-12-03
186075,21,2017-12-04
186342,17,2017-12-05
186605,17,2017-12-06
186877,17,2017-12-07
187147,17,2017-12-08
187405,15,2017-12-09
187663,16,2017-12-10
187923,19,2017-12-11
188186,17,2017-12-12
188447,17,2017-12-13
188711,18,2017-12-14
188977,16,2017-12-15
189236,16,2017-12-16
189493,17,2017-12-17
189758,21,2017-12-18
190024,17,2017-12-19
190288,22,2017-12-20
190555,17,2017-12-21
190822,26,2017-12-22
191083,21,2017-12-23
191330,12,2017-12-24
191556,4,2017-12-25
191783,15,2017-12-26
192030,23,2017-12-27
192289,18,2017-12-28
192547,25,2017-12-29
192803,18,2017-12-30
193055,12,2017-12-31
193292,17,2018-01-01
193590,19,2018-01-02
193891,21,2018-01-03
194197,19,2018-01-04
194508,23,2018-01-05
194812,19,2018-01-06
195107,19,2018-01-07
195410,23,2018-01-08
195718,16,2018-01-09
196026,16,2018-01-10
196336,20,2018-01-11
196645,21,2018-01-12
196951,16,2018-01-13
197247,15,2018-01-14
197551,18,2018-01-15
197860,17,2018-01-16
198167,16,2018-01-17
198472,18,2018-01-18
198783,17,2018-01-19
199091,16,2018-01-20
199380,17,2018-01-21
199688,22,2018-01-22
200001,16,2018-01-23
200315,14,2018-01-24
200632,18,2018-01-25
200948,19,2018-01-26
201254,16,2018-01-27
201549,15,2018-01-28
201855,18,2018-01-29
202168,17,2018-01-30
202479,14,2018-01-31
202795,18,2018-02-01
203110,17,2018-02-02
203416,15,2018-02-03
203713,16,2018-02-04
204018,20,2018-02-05
204326,15,2018-02-06
204637,17,2018-02-07
204952,18,2018-02-08
205264,21,2018-02-09
205573,16,2018-02-10
205870,16,2018-02-11
206178,19,2018-02-12
206489,18,2018-02-13
206802,16,2018-02-14
207111,17,2018-02-15
207425,20,2018-02-16
207734,16,2018-02-17
208037,15,2018-02-18
208351,17,2018-02-19
208666,16,2018-02-20
208975,19,2018-02-21
209289,16,2018-02-22
209603,20,2018-02-23
209916,20,2018-02-24
210218,16,2018-02-25
210528,16,2018-02-26
210842,24,2018-02-27
211147,28,2018-02-28
211453,32,2018-03-01
211760,39,2018-03-02
212067,31,2018-03-03
212366,32,2018-03-04
212672,36,2018-03-05
212982,33,2018-03-06
213292,34,2018-03-07
213605,29,2018-03-08
213919,23,2018-03-09
214228,16,2018-03-10
214533,16,2018-03-11
214838,18,2018-03-12
215150,21,2018-03-13
215460,20,2018-03-14
215773,17,2018-03-15
216085,18,2018-03-16
216395,17,2018-03-17
216692,15,2018-03-18
216999,18,2018-03-19
217315,22,2018-03-20
217626,17,2018-03-21
217936,18,2018-03-22
218252,19,2018-03-23
218565,18,2018-03-24
218866,22,2018-03-25
219176,24,2018-03-26
219491,22,2018-03-27
219806,25,2018-03-28
220120,25,2018-03-29
220432,25,2018-03-30
220720,24,2018-03-31
221010,19,2018-04-01
221317,23,2018-04-02
221633,25,2018-04-03
221949,22,2018-04-04
222263,23,2018-04-05
222579,26,2018-04-06
222891,28,2018-04-07
223197,21,2018-04-08
223510,27,2018-04-09
223823,24,2018-04-10
224133,24,2018-04-11
224446,25,2018-04-12
224762,23,2018-04-13
225074,27,2018-04-14
225378,22,2018-04-15
225692,22,2018-04-16
226003,20,2018-04-17
226313,24,2018-04-18
226631,23,2018-04-19
226943,21,2018-04-20
227255,25,2018-04-21
227559,25,2018-04-22
227868,23,2018-04-23
228185,24,2018-04-24
228499,22,2018-04-25
228815,21,2018-04-26
229132,22,2018-04-27
229446,26,2018-04-28
229750,23,2018-04-29
230060,24,2018-04-30
230371,20,2018-05-01
230682,25,2018-05-02
230998,23,2018-05-03
231312,22,2018-05-04
231626,34,2018-05-05
231932,25,2018-05-06
232247,23,2018-05-07
232563,12,2018-05-08
232877,26,2018-05-09
233192,22,2018-05-10
233508,24,2018-05-11
233822,31,2018-05-12
234126,25,2018-05-13
234441,27,2018-05-14
234752,25,2018-05-15
235069,31,2018-05-16
235385,29,2018-05-17
235703,26,2018-05-18
236021,32,2018-05-19
236323,26,2018-05-20
236635,23,2018-05-21
236949,24,2018-05-22
237262,25,2018-05-23
237575,23,2018-05-24
237890,25,2018-05-25
238208,40,2018-05-26
238506,30,2018-05-27
238821,26,2018-05-28
239132,27,2018-05-29
239445,32,2018-05-30
239761,31,2018-05-31
240078,28,2018-06-01
240392,45,2018-06-02
240696,33,2018-06-03
241009,24,2018-06-04
241326,33,2018-06-05
241640,25,2018-06-06
241956,25,2018-06-07
242270,23,2018-06-08
242584,40,2018-06-09
242888,33,2018-06-10
243200,25,2018-06-11
243520,33,2018-06-12
243830,27,2018-06-13
244146,28,2018-06-14
244463,31,2018-06-15
244778,38,2018-06-16
245081,36,2018-06-17
245398,24,2018-06-18
245715,30,2018-06-19
246031,30,2018-06-20
246345,28,2018-06-21
246661,33,2018-06-22
246977,38,2018-06-23
247282,37,2018-06-24
247596,29,2018-06-25
247911,33,2018-06-26
248225,32,2018-06-27
248542,33,2018-06-28
248862,33,2018-06-29
249180,45,2018-06-30
249485,37,2018-07-01
249796,29,2018-07-02
250113,33,2018-07-03
250426,27,2018-07-04
250740,25,2018-07-05
251057,29,2018-07-06
251372,45,2018-07-07
251674,36,2018-07-08
251990,27,2018-07-09
252304,35,2018-07-10
252615,30,2018-07-11
252929,27,2018-07-12
253248,30,2018-07-13
253559,44,2018-07-14
253861,33,2018-07-15
254173,32,2018-07-16
254492,33,2018-07-17
254806,29,2018-07-18
255123,30,2018-07-19
255437,33,2018-07-20
255754,42,2018-07-21
256052,36,2018-07-22
256362,30,2018-07-23
256679,39,2018-07-24
256990,31,2018-07-25
257309,30,2018-07-26
257625,27,2018-07-27
257937,42,2018-07-28
258235,31,2018-07-29
258540,41,2018-07-30
258852,39,2018-07-31
259163,34,2018-08-01
259475,29,2018-08-02
259789,36,2018-08-03
260103,45,2018-08-04
260399,35,2018-08-05
260707,32,2018-08-06
261016,33,2018-08-07
261326,33,2018-08-08
261639,32,2018-08-09
261959,32,2018-08-10
262271,42,2018-08-11
262576,37,2018-08-12
262885,35,2018-08-13
263200,43,2018-08-14
263510,35,2018-08-15
263823,33,2018-08-16
264136,37,2018-08-17
264449,42,2018-08-18
264749,35,2018-08-19
265057,33,2018-08-20
265372,36,2018-08-21
265682,31,2018-08-22
265996,35,2018-08-23
266313,35,2018-08-24
266627,41,2018-08-25
266927,35,2018-08-26
267236,33,2018-08-27
267552,40,2018-08-28
267869,37,2018-08-29
268184,38,2018-08-30
268501,33,2018-08-31
268814,44,2018-09-01
269117,42,2018-09-02
269429,29,2018-09-03
269745,35,2018-09-04
270061,29,2018-09-05
270379,26,2018-09-06
270696,29,2018-09-07
271009,41,2018-09-08
271314,34,2018-09-09
271627,27,2018-09-10
271943,33,2018-09-11
272257,26,2018-09-12
272576,25,2018-09-13
272892,28,2018-09-14
273207,40,2018-09-15
273509,30,2018-09-16
273819,28,2018-09-17
274138,33,2018-09-18
274456,28,2018-09-19
274775,28,2018-09-20
275094,31,2018-09-21
275407,38,2018-09-22
275714,33,2018-09-23
276025,25,2018-09-24
276346,31,2018-09-25
276660,25,2018-09-26
276978,25,2018-09-27
277295,29,2018-09-28
277609,40,2018-09-29
277913,31,2018-09-30
278227,24,2018-10-01
278547,28,2018-10-02
278863,26,2018-10-03
279183,27,2018-10-04
279502,27,2018-10-05
279819,35,2018-10-06
280120,31,2018-10-07
280432,24,2018-10-08
280748,26,2018-10-09
281067,24,2018-10-10
281385,24,2018-10-11
281702,32,2018-10-12
282018,36,2018-10-13
282326,25,2018-10-14
282638,23,2018-10-15
282956,27,2018-10-16
283273,25,2018-10-17
283589,25,2018-10-18
283903,29,2018-10-19
284219,34,2018-10-20
284526,24,2018-10-21
284838,24,2018-10-22
285156,30,2018-10-23
285472,27,2018-10-24
285788,25,2018-10-25
286105,25,2018-10-26
286419,33,2018-10-27
286722,20,2018-10-28
287034,26,2018-10-29
287349,23,2018-10-30
287663,18,2018-10-31
287971,18,2018-11-01
288283,22,2018-11-02
288595,15,2018-11-03
288901,21,2018-11-04
289213,20,2018-11-05
289522,18,2018-11-06
289836,17,2018-11-07
290155,17,2018-11-08
290473,25,2018-11-09
290784,19,2018-11-10
291082,18,2018-11-11
291395,20,2018-11-12
291707,17,2018-11-13
292022,17,2018-11-14
292338,17,2018-11-15
292653,22,2018-11-16
292963,17,2018-11-17
293269,19,2018-11-18
293582,19,2018-11-19
293891,18,2018-11-20
294202,19,2018-11-21
294516,17,2018-11-22
294832,24,2018-11-23
295143,17,2018-11-24
295446,19,2018-11-25
295754,19,2018-11-26
296064,17,2018-11-27
296372,20,2018-11-28
296686,19,2018-11-29
297001,25,2018-11-30
297313,17,2018-12-01
297618,19,2018-12-02
297929,20,2018-12-03
298237,17,2018-12-04
298549,17,2018-12-05
298865,18,2018-12-06
299178,21,2018-12-07
299486,17,2018-12-08
299781,20,2018-12-09
300092,21,2018-12-10
300407,18,2018-12-11
300716,18,2018-12-12
301030,18,2018-12-13
301343,22,2018-12-14
301654,18,2018-12-15
301954,17,2018-12-16
302267,20,2018-12-17
302579,18,2018-12-18
302891,22,2018-12-19
303205,19,2018-12-20
303519,25,2018-12-21
303835,22,2018-12-22
304127,22,2018-12-23
304425,15,2018-12-24
304701,5,2018-12-25
304959,15,2018-12-26
305266,18,2018-12-27
305574,25,2018-12-28
305883,21,2018-12-29
306177,22,2018-12-30
306473,16,2018-12-31
306762,14,2019-01-01
307056,18,2019-01-02
307365,17,2019-01-03
307676,8,2019-01-04
307981,22,2019-01-05
308280,23,2019-01-06
308588,22,2019-01-07
308898,20,2019-01-08
309212,19,2019-01-09
309528,18,2019-01-10
309843,14,2019-01-11
310159,16,2019-01-12
310462,18,2019-01-13
310773,20,2019-01-14
311086,18,2019-01-15
311400,16,2019-01-16
311718,18,2019-01-17
312031,22,2019-01-18
312340,17,2019-01-19
312640,19,2019-01-20
312954,22,2019-01-21
313264,18,2019-01-22
313576,17,2019-01-23
313888,17,2019-01-24
314203,23,2019-01-25
314513,16,2019-01-26
314815,18,2019-01-27
315125,20,2019-01-28
315433,17,2019-01-29
315744,17,2019-01-30
316056,17,2019-01-31
316369,22,2019-02-01
316677,20,2019-02-02
316975,17,2019-02-03
317286,19,2019-02-04
317598,16,2019-02-05
317912,17,2019-02-06
318230,19,2019-02-07
318547,25,2019-02-08
318862,17,2019-02-09
319167,19,2019-02-10
319481,20,2019-02-11
319796,18,2019-02-12
320113,17,2019-02-13
320426,17,2019-02-14
320745,25,2019-02-15
321056,17,2019-02-16
321351,18,2019-02-17
321667,22,2019-02-18
321984,18,2019-02-19
322300,18,2019-02-20
322615,19,2019-02-21
322932,23,2019-02-22
323245,18,2019-02-23
323546,18,2019-02-24
323860,20,2019-02-25
324175,19,2019-02-26
324492,20,2019-02-27
324812,18,2019-02-28
325128,24,2019-03-01
325440,20,2019-03-02
325742,18,2019-03-03
326051,21,2019-03-04
326360,17,2019-03-05
326676,19,2019-03-06
326991,20,2019-03-07
327310,23,2019-03-08
327626,19,2019-03-09
327925,18,2019-03-10
328238,22,2019-03-11
328551,18,2019-03-12
328866,22,2019-03-13
329180,19,2019-03-14
329495,27,2019-03-15
329809,20,2019-03-16
330112,19,2019-03-17
330423,22,2019-03-18
330730,17,2019-03-19
331037,19,2019-03-20
331352,17,2019-03-21
331668,25,2019-03-22
331979,19,2019-03-23
332278,20,2019-03-24
332593,20,2019-03-25
332904,17,2019-03-26
333213,18,2019-03-27
333529,16,2019-03-28
333845,23,2019-03-29
334159,22,2019-03-30
334466,19,2019-03-31
334784,22,2019-04-01
335101,24,2019-04-02
335417,27,2019-04-03
335729,26,2019-04-04
336046,23,2019-04-05
336360,27,2019-04-06
336662,25,2019-04-07
336977,23,2019-04-08
337286,25,2019-04-09
337604,30,2019-04-10
337921,27,2019-04-11
338236,23,2019-04-12
338545,30,2019-04-13
338849,30,2019-04-14
339164,27,2019-04-15
339483,25,2019-04-16
339802,31,2019-04-17
340121,28,2019-04-18
340438,26,2019-04-19
340730,27,2019-04-20
341024,25,2019-04-21
341331,26,2019-04-22
341647,25,2019-04-23
341964,35,2019-04-24
342281,26,2019-04-25
342597,30,2019-04-26
342913,28,2019-04-27
343219,28,2019-04-28
343534,28,2019-04-29
343848,27,2019-04-30
344162,29,2019-05-01
344480,25,2019-05-02
344798,30,2019-05-03
345114,30,2019-05-04
345415,31,2019-05-05
345730,24,2019-05-06
346046,29,2019-05-07
346360,34,2019-05-08
346676,33,2019-05-09
346993,31,2019-05-10
347310,32,2019-05-11
347616,31,2019-05-12
347931,23,2019-05-13
348246,28,2019-05-14
348558,32,2019-05-15
348874,27,2019-05-16
349194,27,2019-05-17
349506,32,2019-05-18
349802,28,2019-05-19
350119,24,2019-05-20
350435,23,2019-05-21
350748,31,2019-05-22
351067,28,2019-05-23
351383,27,2019-05-24
351700,34,2019-05-25
352009,33,2019-05-26
352324,26,2019-05-27
352643,31,2019-05-28
352960,32,2019-05-29
353276,30,2019-05-30
353595,26,2019-05-31
353913,38,2019-06-01
354220,40,2019-06-02
354538,26,2019-06-03
354858,34,2019-06-04
355176,32,2019-06-05
355495,33,2019-06-06
355812,31,2019-06-07
356131,41,2019-06-08
356434,39,2019-06-09
356754,28,2019-06-10
357072,35,2019-06-11
357392,31,2019-06-12
357711,29,2019-06-13
358029,30,2019-06-14
358350,40,2019-06-15
358657,43,2019-06-16
358976,28,2019-06-17
359294,34,2019-06-18
359609,35,2019-06-19
359928,31,2019-06-20
360243,30,2019-06-21
360561,41,2019-06-22
360867,41,2019-06-23
361181,28,2019-06-24
361499,36,2019-06-25
361817,33,2019-06-26
362136,29,2019-06-27
362459,33,2019-06-28
362776,42,2019-06-29
363080,41,2019-06-30
363397,29,2019-07-01
363715,35,2019-07-02
364031,38,2019-07-03
364351,33,2019-07-04
364664,34,2019-07-05
364976,42,2019-07-06
365279,39,2019-07-07
365596,32,2019-07-08
365915,36,2019-07-09
366229,38,2019-07-10
366542,31,2019-07-11
366858,33,2019-07-12
367173,45,2019-07-13
367477,41,2019-07-14
367792,27,2019-07-15
368111,35,2019-07-16
368426,38,2019-07-17
368747,32,2019-07-18
369064,35,2019-07-19
369383,44,2019-07-20
369683,43,2019-07-21
369994,30,2019-07-22
370310,33,2019-07-23
370624,36,2019-07-24
370941,34,2019-07-25
371258,29,2019-07-26
371572,46,2019-07-27
371866,46,2019-07-28
372181,31,2019-07-29
372496,36,2019-07-30
372806,39,2019-07-31
373123,35,2019-08-01
373442,35,2019-08-02
373757,47,2019-08-03
374051,42,2019-08-04
374359,32,2019-08-05
374673,35,2019-08-06
374985,39,2019-08-07
375299,34,2019-08-08
375614,32,2019-08-09
375932,45,2019-08-10
376230,41,2019-08-11
376543,33,2019-08-12
376858,36,2019-08-13
377172,41,2019-08-14
377489,32,2019-08-15
377801,30,2019-08-16
378114,49,2019-08-17
378416,40,2019-08-18
378727,32,2019-08-19
379040,34,2019-08-20
379353,38,2019-08-21
379668,32,2019-08-22
379983,35,2019-08-23
380295,46,2019-08-24
380601,45,2019-08-25
380914,31,2019-08-26
381225,35,2019-08-27
381536,37,2019-08-28
381854,30,2019-08-29
382170,34,2019-08-30
382483,41,2019-08-31
382791,40,2019-09-01
383105,29,2019-09-02
383420,32,2019-09-03
383738,36,2019-09-04
384052,28,2019-09-05
384367,33,2019-09-06
384681,43,2019-09-07
384980,41,2019-09-08
385296,29,2019-09-09
385615,35,2019-09-10
385932,32,2019-09-11
386249,29,2019-09-12
386566,32,2019-09-13
386879,38,2019-09-14
387183,44,2019-09-15
387498,28,2019-09-16
387814,36,2019-09-17
388132,38,2019-09-18
388452,30,2019-09-19
388770,29,2019-09-20
389088,41,2019-09-21
389393,38,2019-09-22
389705,28,2019-09-23
390019,34,2019-09-24
390334,34,2019-09-25
390647,30,2019-09-26
390964,29,2019-09-27
391282,39,2019-09-28
391584,34,2019-09-29
391898,27,2019-09-30
392217,30,2019-10-01
392534,32,2019-10-02
392851,31,2019-10-03
393169,32,2019-10-04
393485,35,2019-10-05
393791,30,2019-10-06
394107,26,2019-10-07
394419,29,2019-10-08
394732,29,2019-10-09
395052,28,2019-10-10
395367,28,2019-10-11
395685,35,2019-10-12
395983,32,2019-10-13
396303,23,2019-10-14
396619,30,2019-10-15
396940,30,2019-10-16
397257,27,2019-10-17
397578,28,2019-10-18
397891,39,2019-10-19
398198,31,2019-10-20
398515,27,2019-10-21
398835,29,2019-10-22
399151,33,2019-10-23
399468,26,2019-10-24
399786,25,2019-10-25
400101,38,2019-10-26
400407,26,2019-10-27
400722,23,2019-10-28
401040,24,2019-10-29
401355,25,2019-10-30
401671,21,2019-10-31
401986,23,2019-11-01
402292,21,2019-11-02
402588,23,2019-11-03
402908,23,2019-11-04
403226,24,2019-11-05
403543,20,2019-11-06
403860,17,2019-11-07
404175,30,2019-11-08
404487,20,2019-11-09
404790,26,2019-11-10
405102,23,2019-11-11
405413,25,2019-11-12
405729,21,2019-11-13
406042,17,2019-11-14
406358,23,2019-11-15
406668,20,2019-11-16
406964,22,2019-11-17
407278,27,2019-11-18
407595,19,2019-11-19
407913,21,2019-11-20
408231,19,2019-11-21
408545,24,2019-11-22
408851,22,2019-11-23
409146,23,2019-11-24
409460,19,2019-11-25
409774,21,2019-11-26
410088,18,2019-11-27
410404,18,2019-11-28
410723,25,2019-11-29
411035,19,2019-11-30
411335,22,2019-12-01
411649,22,2019-12-02
411959,21,2019-12-03
412272,20,2019-12-04
412580,19,2019-12-05
412892,44,2019-12-06
413204,20,2019-12-07
413502,21,2019-12-08
413811,22,2019-12-09
414122,19,2019-12-10
414434,19,2019-12-11
414750,17,2019-12-12
415064,17,2019-12-13
415368,21,2019-12-14
415666,20,2019-12-15
415978,23,2019-12-16
416287,21,2019-12-17
416599,26,2019-12-18
416914,23,2019-12-19
417228,26,2019-12-20
417535,25,2019-12-21
417826,24,2019-12-22
418130,24,2019-12-23
418432,22,2019-12-24
418694,7,2019-12-25
418951,17,2019-12-26
419250,24,2019-12-27
419558,20,2019-12-28
419844,20,2019-12-29
420145,24,2019-12-30
420445,23,2019-12-31
420737,20,2020-01-01
421036,22,2020-01-02
421347,27,2020-01-03
421651,22,2020-01-04
421939,24,2020-01-05
422245,24,2020-01-06
422552,27,2020-01-07
422858,20,2020-01-08
423174,19,2020-01-09
423489,21,2020-01-10
423801,21,2020-01-11
424097,22,2020-01-12
424414,22,2020-01-13
424728,15,2020-01-14
425048,18,2020-01-15
425363,20,2020-01-16
425684,23,2020-01-17
425997,22,2020-01-18
426294,22,2020-01-19
426606,26,2020-01-20
426917,22,2020-01-21
427228,19,2020-01-22
427540,19,2020-01-23
427857,24,2020-01-24
428165,20,2020-01-25
428464,22,2020-01-26
428779,23,2020-01-27
429094,18,2020-01-28
429407,19,2020-01-29
429726,20,2020-01-30
430039,23,2020-01-31
430352,19,2020-02-01
430648,22,2020-02-02
430965,26,2020-02-03
431279,18,2020-02-04
431589,26,2020-02-05
431905,19,2020-02-06
432222,24,2020-02-07
432536,19,2020-02-08
432837,21,2020-02-09
433150,22,2020-02-10
433459,20,2020-02-11
433777,19,2020-02-12
434097,19,2020-02-13
434415,26,2020-02-14
434727,20,2020-02-15
435024,22,2020-02-16
435332,24,2020-02-17
435640,24,2020-02-18
435955,19,2020-02-19
436273,18,2020-02-20
436592,26,2020-02-21
436905,24,2020-02-22
437207,21,2020-02-23
437520,22,2020-02-24
437835,16,2020-02-25
438150,18,2020-02-26
438466,19,2020-02-27
438784,26,2020-02-28
439096,21,2020-02-29
439392,24,2020-03-01
439702,21,2020-03-02
440011,18,2020-03-03
440326,17,2020-03-04
440643,18,2020-03-05
440958,24,2020-03-06
441273,17,2020-03-07
441571,18,2020-03-08
441882,21,2020-03-09
442194,16,2020-03-10
442508,11,2020-03-11
442828,5,2020-03-12
443144,6,2020-03-13
447165,1,2020-03-28
448338,0,2020-04-02
448588,1,2020-04-03
448812,1,2020-04-04
449471,2,2020-04-07
450206,0,2020-04-10
450408,2,2020-04-11
451260,1,2020-04-15
451756,1,2020-04-17
452410,1,2020-04-20
456471,1,2020-05-07
458479,1,2020-05-15
459186,1,2020-05-18
459726,1,2020-05-20
460258,1,2020-05-22
460999,1,2020-05-25
461531,1,2020-05-27
461813,2,2020-05-28
462095,1,2020-05-29
462366,1,2020-05-30
462599,1,2020-05-31
462849,1,2020-06-01
463138,1,2020-06-02
463429,2,2020-06-03
463727,4,2020-06-04
464017,3,2020-06-05
464290,3,2020-06-06
464537,5,2020-06-07
464804,1,2020-06-08
465092,2,2020-06-09
465389,3,2020-06-10
465682,2,2020-06-11
465973,2,2020-06-12
466249,2,2020-06-13
466514,2,2020-06-14
466798,3,2020-06-15
467103,4,2020-06-16
467406,4,2020-06-17
467707,6,2020-06-18
468008,5,2020-06-19
468297,4,2020-06-20
468566,6,2020-06-21
468863,2,2020-06-22
469174,4,2020-06-23
469486,3,2020-06-24
469796,5,2020-06-25
470104,6,2020-06-26
470402,10,2020-06-27
470672,6,2020-06-28
470974,5,2020-06-29
471278,7,2020-06-30
471591,12,2020-07-01
471906,14,2020-07-02
472220,17,2020-07-03
472529,23,2020-07-04
472825,17,2020-07-05
473130,15,2020-07-06
473438,22,2020-07-07
473750,14,2020-07-08
474061,20,2020-07-09
474374,17,2020-07-10
474686,23,2020-07-11
474985,21,2020-07-12
475294,13,2020-07-13
475604,22,2020-07-14
475918,14,2020-07-15
476229,22,2020-07-16
476544,19,2020-07-17
476854,29,2020-07-18
477154,24,2020-07-19
477466,11,2020-07-20
477778,19,2020-07-21
478096,21,2020-07-22
478410,20,2020-07-23
478720,22,2020-07-24
479025,34,2020-07-25
479328,25,2020-07-26
479641,13,2020-07-27
479955,20,2020-07-28
480271,25,2020-07-29
480583,19,2020-07-30
480897,17,2020-07-31
481207,34,2020-08-01
481504,33,2020-08-02
481815,23,2020-08-03
482127,25,2020-08-04
482439,26,2020-08-05
482749,24,2020-08-06
483062,24,2020-08-07
483371,37,2020-08-08
483667,30,2020-08-09
483977,22,2020-08-10
484286,26,2020-08-11
484597,25,2020-08-12
484907,24,2020-08-13
485221,25,2020-08-14
485534,36,2020-08-15
485831,31,2020-08-16
486139,23,2020-08-17
486454,24,2020-08-18
486765,23,2020-08-19
487077,24,2020-08-20
487389,21,2020-08-21
487700,37,2020-08-22
487997,32,2020-08-23
488308,20,2020-08-24
488622,22,2020-08-25
488939,25,2020-08-26
489252,23,2020-08-27
489566,22,2020-08-28
489871,36,2020-08-29
490168,31,2020-08-30
490477,21,2020-08-31
490791,28,2020-09-01
491101,18,2020-09-02
491413,19,2020-09-03
491727,24,2020-09-04
492041,30,2020-09-05
492338,28,2020-09-06
492650,18,2020-09-07
492968,22,2020-09-08
493283,25,2020-09-09
493596,20,2020-09-10
493914,24,2020-09-11
494227,29,2020-09-12
494528,29,2020-09-13
494839,17,2020-09-14
495157,21,2020-09-15
495466,17,2020-09-16
495780,23,2020-09-17
496095,22,2020-09-18
496402,29,2020-09-19
496699,30,2020-09-20
497010,18,2020-09-21
497325,20,2020-09-22
497635,21,2020-09-23
497947,22,2020-09-24
498262,24,2020-09-25
498566,30,2020-09-26
498858,23,2020-09-27
499168,16,2020-09-28
499479,20,2020-09-29
499794,21,2020-09-30
500109,17,2020-10-01
500423,19,2020-10-02
500729,25,2020-10-03
501022,22,2020-10-04
501333,18,2020-10-05
501645,16,2020-10-06
501958,14,2020-10-07
502272,15,2020-10-08
502584,22,2020-10-09
502896,23,2020-10-10
503186,22,2020-10-11
503495,13,2020-10-12
503807,16,2020-10-13
504122,16,2020-10-14
504429,12,2020-10-15
504743,25,2020-10-16
505053,26,2020-10-17
505350,24,2020-10-18
505659,17,2020-10-19
505974,17,2020-10-20
506283,14,2020-10-21
506593,13,2020-10-22
506907,17,2020-10-23
507215,24,2020-10-24
507503,18,2020-10-25
507806,16,2020-10-26
508121,14,2020-10-27
508432,16,2020-10-28
508741,13,2020-10-29
509056,19,2020-10-30
509357,19,2020-10-31
509640,18,2020-11-01
509943,19,2020-11-02
510251,13,2020-11-03
510561,15,2020-11-04
510866,14,2020-11-05
511168,17,2020-11-06
511474,16,2020-11-07
511754,17,2020-11-08
512061,15,2020-11-09
512371,11,2020-11-10
512669,11,2020-11-11
512980,10,2020-11-12
513284,15,2020-11-13
513586,11,2020-11-14
513864,15,2020-11-15
514169,13,2020-11-16
514477,8,2020-11-17
514784,9,2020-11-18
515089,6,2020-11-19
515395,14,2020-11-20
515697,9,2020-11-21
515985,9,2020-11-22
516292,3,2020-11-23
516602,2,2020-11-24
516903,2,2020-11-25
517205,3,2020-11-26
517514,8,2020-11-27
517811,2,2020-11-28
518091,9,2020-11-29
518388,8,2020-11-30
518690,6,2020-12-01
518995,3,2020-12-02
519302,1,2020-12-03
519598,12,2020-12-04
519890,5,2020-12-05
520173,10,2020-12-06
520472,7,2020-12-07
520769,3,2020-12-08
521072,5,2020-12-09
521377,4,2020-12-10
521678,13,2020-12-11
521978,5,2020-12-12
522261,9,2020-12-13
522564,12,2020-12-14
522868,5,2020-12-15
523177,5,2020-12-16
523486,13,2020-12-17
523798,20,2020-12-18
524101,17,2020-12-19
524386,17,2020-12-20
524679,13,2020-12-21
524986,18,2020-12-22
525286,18,2020-12-23
525576,12,2020-12-24
525832,2,2020-12-25
526074,7,2020-12-26
526345,16,2020-12-27
526640,12,2020-12-28
526927,16,2020-12-29
527220,11,2020-12-30
527512,4,2020-12-31
527779,3,2021-01-01
528057,10,2021-01-02
528338,19,2021-01-03
528642,12,2021-01-04
528947,10,2021-01-05
529252,18,2021-01-06
529560,7,2021-01-07
529866,10,2021-01-08
530173,10,2021-01-09
530458,14,2021-01-10
530759,10,2021-01-11
531067,4,2021-01-12
531374,2,2021-01-13
531678,5,2021-01-14
531983,14,2021-01-15
532279,4,2021-01-16
532563,8,2021-01-17
532867,11,2021-01-18
533178,5,2021-01-19
533485,1,2021-01-20
533784,3,2021-01-21
534087,11,2021-01-22
534388,5,2021-01-23
534658,8,2021-01-24
534965,8,2021-01-25
535270,5,2021-01-26
535574,1,2021-01-27
535878,3,2021-01-28
536183,13,2021-01-29
536485,5,2021-01-30
536770,5,2021-01-31
537078,10,2021-02-01
537384,4,2021-02-02
537691,3,2021-02-03
538004,5,2021-02-04
538315,13,2021-02-05
538613,4,2021-02-06
538888,5,2021-02-07
539187,9,2021-02-08
539489,4,2021-02-09
539793,3,2021-02-10
540099,2,2021-02-11
540406,11,2021-02-12
540716,6,2021-02-13
540997,7,2021-02-14
541300,9,2021-02-15
541605,5,2021-02-16
541916,2,2021-02-17
542224,4,2021-02-18
542534,12,2021-02-19
542844,6,2021-02-20
543132,10,2021-02-21
543439,7,2021-02-22
543749,3,2021-02-23
544055,4,2021-02-24
544365,6,2021-02-25
544678,13,2021-02-26
544993,4,2021-02-27
545288,7,2021-02-28
545592,8,2021-03-01
545904,5,2021-03-02
546209,6,2021-03-03
546520,5,2021-03-04
546830,15,2021-03-05
547137,4,2021-03-06
547419,9,2021-03-07
547726,11,2021-03-08
548037,4,2021-03-09
548348,2,2021-03-10
548661,7,2021-03-11
548969,17,2021-03-12
549271,5,2021-03-13
549558,10,2021-03-14
549862,9,2021-03-15
550173,4,2021-03-16
550487,3,2021-03-17
550795,4,2021-03-18
551104,11,2021-03-19
551413,4,2021-03-20
551699,10,2021-03-21
552007,9,2021-03-22
552322,5,2021-03-23
552636,9,2021-03-24
552949,5,2021-03-25
553262,13,2021-03-26
553572,3,2021-03-27
553860,11,2021-03-28
554164,10,2021-03-29
554476,4,2021-03-30
554790,8,2021-03-31
555105,7,2021-04-01
555414,15,2021-04-02
555693,6,2021-04-03
555974,9,2021-04-04
556263,13,2021-04-05
556572,7,2021-04-06
556885,9,2021-04-07
557196,4,2021-04-08
557507,12,2021-04-09
557810,9,2021-04-10
558094,13,2021-04-11
558397,9,2021-04-12
558710,7,2021-04-13
559018,5,2021-04-14
559330,6,2021-04-15
559642,13,2021-04-16
559957,6,2021-04-17
560250,11,2021-04-18
560557,9,2021-04-19
567617,12,2021-05-12
567930,10,2021-05-13
568235,12,2021-05-14
568542,10,2021-05-15
568841,13,2021-05-16
569151,14,2021-05-17
569467,7,2021-05-18
569778,8,2021-05-19
570096,9,2021-05-20
570409,16,2021-05-21
570724,8,2021-05-22
571025,17,2021-05-23
571331,13,2021-05-24
571649,8,2021-05-25
571962,12,2021-05-26
572281,6,2021-05-27
572597,16,2021-05-28
572913,12,2021-05-29
573212,18,2021-05-30
573528,15,2021-05-31
573849,17,2021-06-01
574163,22,2021-06-02
574481,19,2021-06-03
574798,27,2021-06-04
575109,26,2021-06-05
575407,27,2021-06-06
575720,19,2021-06-07
576036,20,2021-06-08
576355,18,2021-06-09
576676,17,2021-06-10
576994,27,2021-06-11
577303,24,2021-06-12
577608,26,2021-06-13
577922,19,2021-06-14
578239,16,2021-06-15
578553,24,2021-06-16
578870,18,2021-06-17
579185,25,2021-06-18
579499,30,2021-06-19
579794,32,2021-06-20
580107,20,2021-06-21
580422,25,2021-06-22
580737,26,2021-06-23
581054,24,2021-06-24
581370,26,2021-06-25
581684,33,2021-06-26
581988,33,2021-06-27
582302,29,2021-06-28
582619,30,2021-06-29
582936,30,2021-06-30
583255,29,2021-07-01
583572,32,2021-07-02
583887,39,2021-07-03
584182,44,2021-07-04
584495,27,2021-07-05
584809,29,2021-07-06
585126,32,2021-07-07
585445,25,2021-07-08
585765,32,2021-07-09
586080,39,2021-07-10
586382,41,2021-07-11
586699,33,2021-07-12
587013,32,2021-07-13
587325,37,2021-07-14
587642,26,2021-07-15
587962,39,2021-07-16
588280,43,2021-07-17
588579,46,2021-07-18
588894,31,2021-07-19
589213,39,2021-07-20
589531,32,2021-07-21
589847,33,2021-07-22
590165,38,2021-07-23
590480,51,2021-07-24
590783,48,2021-07-25
591094,22,2021-07-26
591407,40,2021-07-27
591727,40,2021-07-28
592045,33,2021-07-29
592364,37,2021-07-30
592678,47,2021-07-31
592981,52,2021-08-01
593291,40,2021-08-02
593606,45,2021-08-03
593928,38,2021-08-04
594247,34,2021-08-05
594567,41,2021-08-06
594880,56,2021-08-07
595181,52,2021-08-08
595496,32,2021-08-09
595810,38,2021-08-10
596123,39,2021-08-11
596439,32,2021-08-12
596755,44,2021-08-13
597072,51,2021-08-14
597379,52,2021-08-15
597694,39,2021-08-16
598013,40,2021-08-17
598332,39,2021-08-18
598650,37,2021-08-19
598969,40,2021-08-20
599286,48,2021-08-21
599592,46,2021-08-22
599907,32,2021-08-23
600226,39,2021-08-24
600545,39,2021-08-25
600865,36,2021-08-26
601185,40,2021-08-27
601504,51,2021-08-28
601806,45,2021-08-29
602121,35,2021-08-30
602441,41,2021-08-31
602760,36,2021-09-01
603081,35,2021-09-02
603400,38,2021-09-03
603714,42,2021-09-04
604019,46,2021-09-05
604334,34,2021-09-06
604653,28,2021-09-07
604971,42,2021-09-08
605289,32,2021-09-09
605607,38,2021-09-10
605928,40,2021-09-11
606230,41,2021-09-12
606546,33,2021-09-13
606870,31,2021-09-14
607190,36,2021-09-15
607511,33,2021-09-16
607831,40,2021-09-17
608148,40,2021-09-18
608447,41,2021-09-19
608765,35,2021-09-20
609087,31,2021-09-21
609405,37,2021-09-22
609722,30,2021-09-23
610043,29,2021-09-24
610359,42,2021-09-25
610664,38,2021-09-26
610982,31,2021-09-27
611300,33,2021-09-28
611616,33,2021-09-29
611934,25,2021-09-30
612254,35,2021-10-01
612571,38,2021-10-02
612877,35,2021-10-03
613192,25,2021-10-04
613510,31,2021-10-05
613828,35,2021-10-06
614148,33,2021-10-07
614464,27,2021-10-08
614780,35,2021-10-09
615085,41,2021-10-10
615401,26,2021-10-11
615718,27,2021-10-12
616035,30,2021-10-13
616356,25,2021-10-14
616676,35,2021-10-15
616993,34,2021-10-16
617295,39,2021-10-17
617612,29,2021-10-18
617934,33,2021-10-19
618254,38,2021-10-20
618568,35,2021-10-21
618886,36,2021-10-22
619205,40,2021-10-23
619509,37,2021-10-24
619831,28,2021-10-25
620154,34,2021-10-26
620475,35,2021-10-27
620796,30,2021-10-28
621114,33,2021-10-29
621433,34,2021-10-30
621739,26,2021-10-31
622050,31,2021-11-01
622363,27,2021-11-02
622683,24,2021-11-03
623001,26,2021-11-04
623320,28,2021-11-05
623638,25,2021-11-06
623944,26,2021-11-07
624260,25,2021-11-08
624572,25,2021-11-09
624888,27,2021-11-10
625205,27,2021-11-11
625522,26,2021-11-12
625838,24,2021-11-13
626137,25,2021-11-14
626454,27,2021-11-15
626771,25,2021-11-16
627090,23,2021-11-17
627411,24,2021-11-18
627732,26,2021-11-19
628050,21,2021-11-20
628353,24,2021-11-21
628667,27,2021-11-22
628984,22,2021-11-23
629302,23,2021-11-24
629619,24,2021-11-25
629933,25,2021-11-26
630247,23,2021-11-27
630542,25,2021-11-28
630854,29,2021-11-29
631167,22,2021-11-30
631485,21,2021-12-01
631798,22,2021-12-02
632115,27,2021-12-03
632426,25,2021-12-04
632729,25,2021-12-05
633037,23,2021-12-06
633349,21,2021-12-07
633662,24,2021-12-08
633979,25,2021-12-09
634294,28,2021-12-10
634603,22,2021-12-11
634905,24,2021-12-12
635222,24,2021-12-13
635535,26,2021-12-14
635851,26,2021-12-15
636170,28,2021-12-16
636487,29,2021-12-17
636802,23,2021-12-18
637100,26,2021-12-19
637415,27,2021-12-20
637734,27,2021-12-21
638047,24,2021-12-22
638366,29,2021-12-23
638668,27,2021-12-24
638928,5,2021-12-25
639174,23,2021-12-26
639473,26,2021-12-27
639780,28,2021-12-28
640084,25,2021-12-29
640396,27,2021-12-30
640699,26,2021-12-31
640987,19,2022-01-01
641255,26,2022-01-02
641561,28,2022-01-03
641873,25,2022-01-04
642182,21,2022-01-05
642489,25,2022-01-06
642797,26,2022-01-07
643100,25,2022-01-08
643395,26,2022-01-09
643709,21,2022-01-10
644021,17,2022-01-11
644338,19,2022-01-12
644654,20,2022-01-13
644968,21,2022-01-14
645277,19,2022-01-15
645578,26,2022-01-16
645890,20,2022-01-17
646203,16,2022-01-18
646521,15,2022-01-19
646836,21,2022-01-20
647148,19,2022-01-21
647459,22,2022-01-22
647759,21,2022-01-23
648069,20,2022-01-24
648384,14,2022-01-25
648701,16,2022-01-26
649019,17,2022-01-27
649335,18,2022-01-28
649649,18,2022-01-29
649950,20,2022-01-30
650263,18,2022-01-31
650582,18,2022-02-01
650898,18,2022-02-02
651212,20,2022-02-03
651532,22,2022-02-04
651839,19,2022-02-05
652136,22,2022-02-06
652453,24,2022-02-07
652770,16,2022-02-08
653090,19,2022-02-09
653406,22,2022-02-10
653724,23,2022-02-11
654043,22,2022-02-12
654346,23,2022-02-13
654656,21,2022-02-14
654973,20,2022-02-15
655291,20,2022-02-16
655606,24,2022-02-17
655921,27,2022-02-18
656234,23,2022-02-19
656529,23,2022-02-20
656842,22,2022-02-21
657152,18,2022-02-22
657468,18,2022-02-23
657787,21,2022-02-24
658103,27,2022-02-25
658416,19,2022-02-26
658721,23,2022-02-27
659034,23,2022-02-28
659353,24,2022-03-01
659668,23,2022-03-02
659985,24,2022-03-03
660301,29,2022-03-04
660611,23,2022-03-05
660913,27,2022-03-06
661226,22,2022-03-07
661536,26,2022-03-08
661858,20,2022-03-09
662171,22,2022-03-10
662485,28,2022-03-11
662796,23,2022-03-12
663099,25,2022-03-13
663412,24,2022-03-14
663728,24,2022-03-15
664045,25,2022-03-16
664358,23,2022-03-17
664670,27,2022-03-18
664983,25,2022-03-19
665284,23,2022-03-20
665592,23,2022-03-21
665909,19,2022-03-22
666226,21,2022-03-23
666541,21,2022-03-24
666857,27,2022-03-25
667162,26,2022-03-26
667463,34,2022-03-27
667776,32,2022-03-28
668093,26,2022-03-29
668409,29,2022-03-30
668725,30,2022-03-31
669038,33,2022-04-01
669354,24,2022-04-02
669657,35,2022-04-03
669973,31,2022-04-04
670289,30,2022-04-05
670604,29,2022-04-06
670922,29,2022-04-07
671240,36,2022-04-08
671556,28,2022-04-09
671862,38,2022-04-10
672176,31,2022-04-11
672492,31,2022-04-12
672809,34,2022-04-13
673125,35,2022-04-14
673439,37,2022-04-15
673728,30,2022-04-16
674027,37,2022-04-17
674339,39,2022-04-18
674657,32,2022-04-19
674972,36,2022-04-20
675288,28,2022-04-21
675603,34,2022-04-22
675917,29,2022-04-23
676210,40,2022-04-24
676529,34,2022-04-25
676850,32,2022-04-26
677171,35,2022-04-27
677491,34,2022-04-28
677807,41,2022-04-29
678125,32,2022-04-30
678432,45,2022-05-01
678749,38,2022-05-02
679063,35,2022-05-03
679378,33,2022-05-04
679697,34,2022-05-05
680013,41,2022-05-06
680330,34,2022-05-07
680636,45,2022-05-08
680952,35,2022-05-09
681273,36,2022-05-10
681593,40,2022-05-11
681914,36,2022-05-12
682232,42,2022-05-13
682550,37,2022-05-14
682855,46,2022-05-15
683173,41,2022-05-16
683491,38,2022-05-17
683809,34,2022-05-18
684130,36,2022-05-19
684450,40,2022-05-20
684767,37,2022-05-21
685070,45,2022-05-22
685387,39,2022-05-23
685708,37,2022-05-24
686025,42,2022-05-25
686342,43,2022-05-26
686659,40,2022-05-27
686975,41,2022-05-28
687277,49,2022-05-29
687592,40,2022-05-30
687911,39,2022-05-31
688229,39,2022-06-01
688549,39,2022-06-02
688868,40,2022-06-03
689184,44,2022-06-04
689489,50,2022-06-05
689803,44,2022-06-06
690124,45,2022-06-07
690443,32,2022-06-08
690762,39,2022-06-09
691079,44,2022-06-10
691395,45,2022-06-11
691699,53,2022-06-12
692016,43,2022-06-13
692334,42,2022-06-14
692651,48,2022-06-15
692972,42,2022-06-16
693291,44,2022-06-17
693602,41,2022-06-18
693904,53,2022-06-19
694215,41,2022-06-20
694536,40,2022-06-21
694852,45,2022-06-22
695172,40,2022-06-23
695487,45,2022-06-24
695804,42,2022-06-25
696108,53,2022-06-26
696421,44,2022-06-27
696738,45,2022-06-28
697053,44,2022-06-29
697367,38,2022-06-30
697686,49,2022-07-01
697998,44,2022-07-02
698296,55,2022-07-03
698611,43,2022-07-04
698930,43,2022-07-05
699247,47,2022-07-06
699564,45,2022-07-07
699884,47,2022-07-08
700201,49,2022-07-09
700510,60,2022-07-10
700825,50,2022-07-11
701146,41,2022-07-12
701460,46,2022-07-13
701776,41,2022-07-14
702096,46,2022-07-15
702411,50,2022-07-16
702721,42,2022-07-17
703033,45,2022-07-18
703350,48,2022-07-19
703668,49,2022-07-20
703985,44,2022-07-21
704302,44,2022-07-22
704617,49,2022-07-23
704921,54,2022-07-24
705234,44,2022-07-25
705550,46,2022-07-26
705867,52,2022-07-27
706187,42,2022-07-28
706504,47,2022-07-29
706816,52,2022-07-30
707119,56,2022-07-31
707434,49,2022-08-01
707750,46,2022-08-02
708065,52,2022-08-03
708381,43,2022-08-04
708695,48,2022-08-05
709007,47,2022-08-06
709305,60,2022-08-07
709619,49,2022-08-08
709935,42,2022-08-09
710251,51,2022-08-10
710564,47,2022-08-11
710881,48,2022-08-12
711195,55,2022-08-13
711495,60,2022-08-14
711798,46,2022-08-15
712113,46,2022-08-16
712425,45,2022-08-17
712742,42,2022-08-18
713058,43,2022-08-19
713373,50,2022-08-20
713671,59,2022-08-21
713985,44,2022-08-22
714300,43,2022-08-23
714617,49,2022-08-24
714935,43,2022-08-25
715249,44,2022-08-26
715568,52,2022-08-27
715868,61,2022-08-28
716179,42,2022-08-29
716495,39,2022-08-30
716807,45,2022-08-31
717121,41,2022-09-01
717439,43,2022-09-02
717751,45,2022-09-03
718047,58,2022-09-04
718363,38,2022-09-05
718679,42,2022-09-06
718994,45,2022-09-07
719311,37,2022-09-08
719632,40,2022-09-09
719948,45,2022-09-10
720254,54,2022-09-11
720570,36,2022-09-12
720887,40,2022-09-13
721206,43,2022-09-14
721526,38,2022-09-15
721841,41,2022-09-16
722158,45,2022-09-17
722460,53,2022-09-18
722778,39,2022-09-19
723097,43,2022-09-20
723413,41,2022-09-21
723730,39,2022-09-22
724047,47,2022-09-23
724358,43,2022-09-24
724660,50,2022-09-25
724975,38,2022-09-26
725293,48,2022-09-27
725609,42,2022-09-28
725927,39,2022-09-29
726246,43,2022-09-30
726555,42,2022-10-01
726855,47,2022-10-02
727168,40,2022-10-03
727487,38,2022-10-04
727806,37,2022-10-05
728124,35,2022-10-06
728444,42,2022-10-07
728764,37,2022-10-08
729065,46,2022-10-09
729377,37,2022-10-10
729695,35,2022-10-11
730012,35,2022-10-12
730332,36,2022-10-13
730648,39,2022-10-14
730965,38,2022-10-15
731267,45,2022-10-16
731580,35,2022-10-17
731897,36,2022-10-18
732215,33,2022-10-19
732535,37,2022-10-20
732855,16,2022-10-21
733173,40,2022-10-22
733473,44,2022-10-23
733790,39,2022-10-24
734108,35,2022-10-25
734425,40,2022-10-26
734744,36,2022-10-27
735061,40,2022-10-28
735377,37,2022-10-29
735677,24,2022-10-30
735988,21,2022-10-31
736300,25,2022-11-01
736614,21,2022-11-02
736925,22,2022-11-03
737241,28,2022-11-04
737557,25,2022-11-05
737859,22,2022-11-06
738177,22,2022-11-07
738493,20,2022-11-08
738809,19,2022-11-09
739125,20,2022-11-10
739442,26,2022-11-11
739754,24,2022-11-12
740051,23,2022-11-13
740365,19,2022-11-14
740674,20,2022-11-15
740988,19,2022-11-16
741306,20,2022-11-17
741618,23,2022-11-18
741929,25,2022-11-19
742227,29,2022-11-20
742536,21,2022-11-21
742851,18,2022-11-22
743165,16,2022-11-23
743481,20,2022-11-24
743798,22,2022-11-25
744109,22,2022-11-26
744405,22,2022-11-27
744716,24,2022-11-28
745032,18,2022-11-29
745343,18,2022-11-30
745658,21,2022-12-01
745973,22,2022-12-02
746284,25,2022-12-03
746579,23,2022-12-04
746891,19,2022-12-05
747200,21,2022-12-06
747510,16,2022-12-07
747822,23,2022-12-08
748133,26,2022-12-09
748444,23,2022-12-10
748735,20,2022-12-11
749046,21,2022-12-12
749356,24,2022-12-13
749665,18,2022-12-14
749980,20,2022-12-15
750297,26,2022-12-16
750609,23,2022-12-17
750900,24,2022-12-18
751214,19,2022-12-19
751525,20,2022-12-20
751842,23,2022-12-21
752155,23,2022-12-22
752472,29,2022-12-23
752772,22,2022-12-24
753039,8,2022-12-25
753301,21,2022-12-26
753599,28,2022-12-27
753907,22,2022-12-28
754209,25,2022-12-29
754508,25,2022-12-30
754804,19,2022-12-31
755084,18,2023-01-01
755382,26,2023-01-02
755689,22,2023-01-03
755995,21,2023-01-04
756310,24,2023-01-05
756624,26,2023-01-06
756931,24,2023-01-07
757218,23,2023-01-08
757524,23,2023-01-09
757832,21,2023-01-10
758144,21,2023-01-11
758454,21,2023-01-12
758771,29,2023-01-13
759082,24,2023-01-14
759369,21,2023-01-15
759679,22,2023-01-16
759988,16,2023-01-17
760294,20,2023-01-18
760601,20,2023-01-19
760916,25,2023-01-20
761228,23,2023-01-21
761522,22,2023-01-22
761831,19,2023-01-23
762148,17,2023-01-24
762460,18,2023-01-25
762772,20,2023-01-26
763091,23,2023-01-27
763401,24,2023-01-28
763693,22,2023-01-29
764005,21,2023-01-30
764319,17,2023-01-31
764633,19,2023-02-01
764948,19,2023-02-02
765267,22,2023-02-03
765577,25,2023-02-04
765872,23,2023-02-05
766189,19,2023-02-06
766501,17,2023-02-07
766815,19,2023-02-08
767124,19,2023-02-09
767437,27,2023-02-10
767748,23,2023-02-11
768049,21,2023-02-12
768358,20,2023-02-13
768672,23,2023-02-14
768987,21,2023-02-15
769300,21,2023-02-16
769617,28,2023-02-17
769928,26,2023-02-18
770223,22,2023-02-19
770536,19,2023-02-20
770850,18,2023-02-21
771168,17,2023-02-22
771485,22,2023-02-23
771802,26,2023-02-24
772112,24,2023-02-25
772408,21,2023-02-26
772724,21,2023-02-27
773037,19,2023-02-28
773350,18,2023-03-01
773662,23,2023-03-02
773978,26,2023-03-03
774289,25,2023-03-04
774587,22,2023-03-05
774902,21,2023-03-06
775212,21,2023-03-07
775523,19,2023-03-08
775837,19,2023-03-09
776154,26,2023-03-10
776468,25,2023-03-11
776769,23,2023-03-12
777083,21,2023-03-13
777394,21,2023-03-14
777705,22,2023-03-15
778014,29,2023-03-16
778334,25,2023-03-17
778646,23,2023-03-18
778945,23,2023-03-19
779258,20,2023-03-20
779574,17,2023-03-21
779892,20,2023-03-22
780205,20,2023-03-23
780523,22,2023-03-24
780833,25,2023-03-25
781143,32,2023-03-26
781458,31,2023-03-27
781779,30,2023-03-28
782097,25,2023-03-29
782417,26,2023-03-30
782735,35,2023-03-31
783048,31,2023-04-01
783348,26,2023-04-02
783661,32,2023-04-03
783978,36,2023-04-04
784298,28,2023-04-05
784620,32,2023-04-06
784932,39,2023-04-07
785218,33,2023-04-08
785512,35,2023-04-09
785823,36,2023-04-10
786139,34,2023-04-11
786455,29,2023-04-12
786772,27,2023-04-13
787088,38,2023-04-14
787408,31,2023-04-15
787713,34,2023-04-16
788026,32,2023-04-17
788340,34,2023-04-18
788659,27,2023-04-19
788977,29,2023-04-20
789294,41,2023-04-21
789610,31,2023-04-22
789908,39,2023-04-23
790219,32,2023-04-24
790538,33,2023-04-25
790855,30,2023-04-26
791175,31,2023-04-27
791494,37,2023-04-28
791813,31,2023-04-29
792114,36,2023-04-30
792424,34,2023-05-01
792739,35,2023-05-02
793060,34,2023-05-03
793378,31,2023-05-04
793698,37,2023-05-05
794015,37,2023-05-06
794314,36,2023-05-07
794629,36,2023-05-08
794949,36,2023-05-09
795268,31,2023-05-10
795583,36,2023-05-11
795900,36,2023-05-12
796213,39,2023-05-13
796516,37,2023-05-14
796831,37,2023-05-15
797146,40,2023-05-16
797464,33,2023-05-17
797783,37,2023-05-18
798100,29,2023-05-19
798416,39,2023-05-20
798715,38,2023-05-21
799030,37,2023-05-22
799351,39,2023-05-23
799669,28,2023-05-24
799986,37,2023-05-25
800304,41,2023-05-26
800618,49,2023-05-27
800915,39,2023-05-28
801227,40,2023-05-29
801545,48,2023-05-30
801861,32,2023-05-31
802181,37,2023-06-01
802501,34,2023-06-02
802817,48,2023-06-03
803128,39,2023-06-04
803443,44,2023-06-05
803757,38,2023-06-06
804074,36,2023-06-07
804394,39,2023-06-08
804710,39,2023-06-09
805024,42,2023-06-10
805326,48,2023-06-11
805642,40,2023-06-12
805959,43,2023-06-13
806276,36,2023-06-14
806597,40,2023-06-15
806920,37,2023-06-16
807238,45,2023-06-17
807542,47,2023-06-18
807857,49,2023-06-19
808179,39,2023-06-20
808497,35,2023-06-21
808813,39,2023-06-22
809131,41,2023-06-23
809441,49,2023-06-24
809741,46,2023-06-25
810053,39,2023-06-26
810369,42,2023-06-27
810684,36,2023-06-28
811002,37,2023-06-29
811320,41,2023-06-30
811634,47,2023-07-01
811936,51,2023-07-02
812251,41,2023-07-03
812571,45,2023-07-04
812889,40,2023-07-05
813210,41,2023-07-06
813529,43,2023-07-07
813844,50,2023-07-08
814141,49,2023-07-09
814454,40,2023-07-10
814770,45,2023-07-11
815089,46,2023-07-12
815408,40,2023-07-13
815726,46,2023-07-14
816044,43,2023-07-15
816349,52,2023-07-16
816667,41,2023-07-17
816986,48,2023-07-18
817306,40,2023-07-19
817628,38,2023-07-20
817951,47,2023-07-21
818266,56,2023-07-22
818569,50,2023-07-23
818887,40,2023-07-24
819200,47,2023-07-25
819516,43,2023-07-26
819836,43,2023-07-27
820155,45,2023-07-28
820470,50,2023-07-29
820772,50,2023-07-30
821089,48,2023-07-31
821407,49,2023-08-01
821726,43,2023-08-02
822044,46,2023-08-03
822359,48,2023-08-04
822672,57,2023-08-05
822974,49,2023-08-06
823290,42,2023-08-07
823603,43,2023-08-08
823915,37,2023-08-09
824232,39,2023-08-10
824547,44,2023-08-11
824864,52,2023-08-12
825164,52,2023-08-13
825476,46,2023-08-14
825790,44,2023-08-15
826107,40,2023-08-16
826424,42,2023-08-17
826743,46,2023-08-18
827062,57,2023-08-19
827363,51,2023-08-20
827678,40,2023-08-21
827998,47,2023-08-22
828312,36,2023-08-23
828631,40,2023-08-24
828951,47,2023-08-25
829267,48,2023-08-26
829566,52,2023-08-27
829881,41,2023-08-28
830202,41,2023-08-29
830520,35,2023-08-30
830841,40,2023-08-31
831162,44,2023-09-01
831478,45,2023-09-02
831780,48,2023-09-03
832096,40,2023-09-04
832414,42,2023-09-05
832733,30,2023-09-06
833052,36,2023-09-07
833369,43,2023-09-08
833686,45,2023-09-09
833987,46,2023-09-10
834303,39,2023-09-11
834621,40,2023-09-12
834936,34,2023-09-13
835254,36,2023-09-14
835573,39,2023-09-15
835890,46,2023-09-16
836196,45,2023-09-17
836509,42,2023-09-18
836831,39,2023-09-19
837152,33,2023-09-20
837476,36,2023-09-21
837800,47,2023-09-22
838118,43,2023-09-23
838425,46,2023-09-24
838740,45,2023-09-25
839061,43,2023-09-26
839379,36,2023-09-27
839699,36,2023-09-28
840021,38,2023-09-29
840342,48,2023-09-30
840647,41,2023-10-01
840965,36,2023-10-02
841286,38,2023-10-03
841604,29,2023-10-04
841926,35,2023-10-05
842240,41,2023-10-06
842557,42,2023-10-07
842864,43,2023-10-08
843179,35,2023-10-09
843503,36,2023-10-10
843822,32,2023-10-11
844140,32,2023-10-12
844459,41,2023-10-13
844774,37,2023-10-14
845075,39,2023-10-15
845391,36,2023-10-16
845706,33,2023-10-17
846022,29,2023-10-18
846344,28,2023-10-19
846661,36,2023-10-20
846978,38,2023-10-21
847278,43,2023-10-22
847591,38,2023-10-23
847910,33,2023-10-24
848230,28,2023-10-25
848546,31,2023-10-26
848866,40,2023-10-27
849181,37,2023-10-28
849480,28,2023-10-29
849796,25,2023-10-30
850112,29,2023-10-31
850428,25,2023-11-01
850737,26,2023-11-02
851052,21,2023-11-03
851363,23,2023-11-04
851657,27,2023-11-05
851970,20,2023-11-06
852292,17,2023-11-07
852612,18,2023-11-08
852928,21,2023-11-09
853251,22,2023-11-10
853558,20,2023-11-11
853854,23,2023-11-12
854168,19,2023-11-13
854488,18,2023-11-14
854808,18,2023-11-15
855127,20,2023-11-16
855443,26,2023-11-17
855752,21,2023-11-18
856053,25,2023-11-19
856368,22,2023-11-20
856684,14,2023-11-21
857000,18,2023-11-22
857312,17,2023-11-23
857630,20,2023-11-24
857942,24,2023-11-25
858237,23,2023-11-26
858543,22,2023-11-27
858854,16,2023-11-28
859165,20,2023-11-29
859472,18,2023-11-30
859788,21,2023-12-01
860099,22,2023-12-02
860385,23,2023-12-03
860696,23,2023-12-04
861011,16,2023-12-05
861327,23,2023-12-06
861639,22,2023-12-07
861956,20,2023-12-08
862259,21,2023-12-09
862556,22,2023-12-10
862868,24,2023-12-11
863183,18,2023-12-12
863498,18,2023-12-13
863812,21,2023-12-14
864128,22,2023-12-15
864438,20,2023-12-16
864734,18,2023-12-17
865046,23,2023-12-18
865366,22,2023-12-19
865685,23,2023-12-20
866000,28,2023-12-21
866312,22,2023-12-22
866617,24,2023-12-23
866897,15,2023-12-24
867160,8,2023-12-25
867424,18,2023-12-26
867725,22,2023-12-27
868032,26,2023-12-28
868338,22,2023-12-29
868641,23,2023-12-30
868917,18,2023-12-31
869199,20,2024-01-01
869495,21,2024-01-02
869801,22,2024-01-03
870109,25,2024-01-04
870421,22,2024-01-05
870726,20,2024-01-06
871010,22,2024-01-07
871321,21,2024-01-08
871636,17,2024-01-09
871954,18,2024-01-10
872269,19,2024-01-11
872583,23,2024-01-12
872896,21,2024-01-13
873182,21,2024-01-14
873491,20,2024-01-15
873800,14,2024-01-16
874112,14,2024-01-17
874422,18,2024-01-18
874736,21,2024-01-19
875050,22,2024-01-20
875338,20,2024-01-21
875648,20,2024-01-22
875963,16,2024-01-23
876282,14,2024-01-24
876590,19,2024-01-25
876911,23,2024-01-26
877220,19,2024-01-27
877514,21,2024-01-28
877824,21,2024-01-29
878140,13,2024-01-30
878457,17,2024-01-31
878777,18,2024-02-01
879093,21,2024-02-02
879406,18,2024-02-03
879697,22,2024-02-04
880012,19,2024-02-05
880327,13,2024-02-06
880645,16,2024-02-07
880960,17,2024-02-08
881274,22,2024-02-09
881586,20,2024-02-10
881874,22,2024-02-11
882183,21,2024-02-12
882495,16,2024-02-13
882811,19,2024-02-14
883128,19,2024-02-15
883446,23,2024-02-16
883759,20,2024-02-17
884058,21,2024-02-18
884364,20,2024-02-19
884678,18,2024-02-20
884995,19,2024-02-21
885301,24,2024-02-22
885617,21,2024-02-23
885929,20,2024-02-24
886222,23,2024-02-25
886533,19,2024-02-26
886848,18,2024-02-27
887159,20,2024-02-28
887472,22,2024-02-29
887787,24,2024-03-01
888095,21,2024-03-02
888384,23,2024-03-03
888696,22,2024-03-04
889012,16,2024-03-05
889329,18,2024-03-06
889647,20,2024-03-07
889966,22,2024-03-08
890274,21,2024-03-09
890561,25,2024-03-10
890871,21,2024-03-11
891186,17,2024-03-12
891505,18,2024-03-13
891822,26,2024-03-14
892138,23,2024-03-15
892450,21,2024-03-16
892746,25,2024-03-17
893054,22,2024-03-18
893372,17,2024-03-19
893687,20,2024-03-20
894003,22,2024-03-21
894322,21,2024-03-22
894634,18,2024-03-23
894932,23,2024-03-24
895239,21,2024-03-25
895553,25,2024-03-26
895866,24,2024-03-27
896181,29,2024-03-28
896494,28,2024-03-29
896781,19,2024-03-30
897077,34,2024-03-31
897383,33,2024-04-01
897694,34,2024-04-02
898011,30,2024-04-03
898331,34,2024-04-04
898651,35,2024-04-05
898968,32,2024-04-06
899268,35,2024-04-07
899582,19,2024-04-08
899901,31,2024-04-09
900219,32,2024-04-10
900538,37,2024-04-11
900858,35,2024-04-12
901177,34,2024-04-13
901477,38,2024-04-14
901792,32,2024-04-15
902110,31,2024-04-16
902425,31,2024-04-17
902742,37,2024-04-18
903062,34,2024-04-19
903380,33,2024-04-20
903688,37,2024-04-21
904009,36,2024-04-22
904330,33,2024-04-23
904651,32,2024-04-24
904974,36,2024-04-25
905296,40,2024-04-26
905612,36,2024-04-27
905917,36,2024-04-28
906232,33,2024-04-29
906550,33,2024-04-30
906865,33,2024-05-01
907179,35,2024-05-02
907499,37,2024-05-03
907814,34,2024-05-04
908116,42,2024-05-05
908431,35,2024-05-06
908751,36,2024-05-07
909071,36,2024-05-08
909392,47,2024-05-09
909713,34,2024-05-10
910031,40,2024-05-11
910333,48,2024-05-12
910649,37,2024-05-13
910967,37,2024-05-14
911285,33,2024-05-15
911604,38,2024-05-16
911922,41,2024-05-17
912237,44,2024-05-18
912537,43,2024-05-19
912851,37,2024-05-20
913171,36,2024-05-21
913487,34,2024-05-22
913807,38,2024-05-23
914128,39,2024-05-24
914446,45,2024-05-25
914749,45,2024-05-26
915064,34,2024-05-27
915383,40,2024-05-28
915701,36,2024-05-29
916018,43,2024-05-30
916337,34,2024-05-31
916655,49,2024-06-01
916958,48,2024-06-02
917279,38,2024-06-03
917599,40,2024-06-04
917921,39,2024-06-05
918241,42,2024-06-06
918562,36,2024-06-07
918877,44,2024-06-08
919178,49,2024-06-09
919495,36,2024-06-10
919818,41,2024-06-11
920138,37,2024-06-12
920456,44,2024-06-13
920776,38,2024-06-14
921094,46,2024-06-15
921398,49,2024-06-16
921720,41,2024-06-17
922039,43,2024-06-18
922361,35,2024-06-19
922683,45,2024-06-20
923002,40,2024-06-21
923323,48,2024-06-22
923627,55,2024-06-23
923941,38,2024-06-24
924261,43,2024-06-25
924581,40,2024-06-26
924900,45,2024-06-27
925219,42,2024-06-28
925536,50,2024-06-29
925841,52,2024-06-30
926159,37,2024-07-01
926479,43,2024-07-02
926803,44,2024-07-03
927124,40,2024-07-04
927445,40,2024-07-05
927758,49,2024-07-06
928060,53,2024-07-07
928377,41,2024-07-08
928695,42,2024-07-09
929014,42,2024-07-10
929333,41,2024-07-11
929652,37,2024-07-12
929972,47,2024-07-13
930275,53,2024-07-14
930591,44,2024-07-15
930912,47,2024-07-16
931229,42,2024-07-17
931547,44,2024-07-18
931867,38,2024-07-19
932182,50,2024-07-20
932486,52,2024-07-21
932803,41,2024-07-22
933121,47,2024-07-23
933441,46,2024-07-24
933760,42,2024-07-25
934079,38,2024-07-26
934394,50,2024-07-27
934696,53,2024-07-28
935017,43,2024-07-29
935334,44,2024-07-30
935653,45,2024-07-31
935972,40,2024-08-01
936290,45,2024-08-02
936606,53,2024-08-03
936909,57,2024-08-04
937223,38,2024-08-05
937542,43,2024-08-06
937863,39,2024-08-07
938183,49,2024-08-08
938502,40,2024-08-09
938819,54,2024-08-10
939122,57,2024-08-11
939441,42,2024-08-12
939761,45,2024-08-13
940081,40,2024-08-14
940399,44,2024-08-15
940717,47,2024-08-16
941035,52,2024-08-17
941340,60,2024-08-18
941657,41,2024-08-19
941980,50,2024-08-20
942301,42,2024-08-21
942623,45,2024-08-22
942947,42,2024-08-23
943266,50,2024-08-24
943572,56,2024-08-25
943888,38,2024-08-26
944206,44,2024-08-27
944524,42,2024-08-28
944840,43,2024-08-29
945157,46,2024-08-30
945477,57,2024-08-31
945776,57,2024-09-01
946092,36,2024-09-02
946415,40,2024-09-03
946735,40,2024-09-04
947056,43,2024-09-05
947380,43,2024-09-06
947690,44,2024-09-07
947985,51,2024-09-08
948302,39,2024-09-09
948625,44,2024-09-10
948940,40,2024-09-11
949259,41,2024-09-12
949577,37,2024-09-13
949892,46,2024-09-14
950194,52,2024-09-15
950514,34,2024-09-16
950836,36,2024-09-17
951158,40,2024-09-18
951480,44,2024-09-19
951802,39,2024-09-20
952125,47,2024-09-21
952429,53,2024-09-22
952747,41,2024-09-23
953070,38,2024-09-24
953390,36,2024-09-25
953710,43,2024-09-26
954026,38,2024-09-27
954344,45,2024-09-28
954650,48,2024-09-29
954967,34,2024-09-30
955286,31,2024-10-01
955609,39,2024-10-02
955927,38,2024-10-03
956244,47,2024-10-04
956559,40,2024-10-05
956860,47,2024-10-06
957173,32,2024-10-07
957490,35,2024-10-08
957809,40,2024-10-09
958127,38,2024-10-10
958451,39,2024-10-11
958768,41,2024-10-12
959067,48,2024-10-13
959378,31,2024-10-14
959699,34,2024-10-15
960014,39,2024-10-16
960334,36,2024-10-17
960648,41,2024-10-18
960968,34,2024-10-19
961269,44,2024-10-20
961583,35,2024-10-21
961900,32,2024-10-22
962221,41,2024-10-23
962538,33,2024-10-24
962861,45,2024-10-25
963179,37,2024-10-26
963484,30,2024-10-27
963799,27,2024-10-28
964112,26,2024-10-29
964435,30,2024-10-30
964755,28,2024-10-31
965073,28,2024-11-01
965388,25,2024-11-02
965692,28,2024-11-03
966011,25,2024-11-04
966328,23,2024-11-05
966644,20,2024-11-06
966965,19,2024-11-07
967281,28,2024-11-08
967593,24,2024-11-09
967892,26,2024-11-10
968206,23,2024-11-11
968527,20,2024-11-12
968847,16,2024-11-13
969162,17,2024-11-14
969485,29,2024-11-15
969799,21,2024-11-16
970097,25,2024-11-17
970406,24,2024-11-18
970723,18,2024-11-19
971041,17,2024-11-20
971354,19,2024-11-21
971677,28,2024-11-22
971989,21,2024-11-23
972286,26,2024-11-24
972601,23,2024-11-25
972923,18,2024-11-26
973242,17,2024-11-27
973563,19,2024-11-28
973879,23,2024-11-29
974189,23,2024-11-30
974485,24,2024-12-01
974800,27,2024-12-02
975117,17,2024-12-03
975429,20,2024-12-04
975745,18,2024-12-05
976059,27,2024-12-06
976352,22,2024-12-07
976649,26,2024-12-08
976959,27,2024-12-09
977275,18,2024-12-10
977588,19,2024-12-11
977909,20,2024-12-12
978228,25,2024-12-13
978534,22,2024-12-14
978832,27,2024-12-15
979148,24,2024-12-16
979463,18,2024-12-17
979780,19,2024-12-18
980096,28,2024-12-19
980417,27,2024-12-20
980728,23,2024-12-21
981019,28,2024-12-22
981328,28,2024-12-23
981630,20,2024-12-24
981897,6,2024-12-25
982160,27,2024-12-26
982465,30,2024-12-27
982772,22,2024-12-28
983062,25,2024-12-29
983362,30,2024-12-30
983663,23,2024-12-31
